iid,gender,age,field_of_study,race,imprace,imprelig,goal,date,go_out,career,sports,tvsports,exercise,dining,museums,art,hiking,gaming,clubbing,reading,tv,theater,movies,concerts,music,shopping,yoga,attr,sinc,intel,fun,amb,shar,avg_attr,avg_sinc,avg_intel,avg_fun,avg_amb,avg_shar,yes_freq
4,0,23,1,2,1,1,1,5,1,1,1,1,6,7,6,7,7,5,7,7,7,9,7,8,7,1,8,20,20,20,20,10,10,7,7.1,7.7,7.5,7.7,7.2,0.6
5,0,21,1,2,8,1,2,4,1,1,7,4,7,7,6,8,6,6,8,6,8,6,6,3,7,8,3,20,5,25,25,10,15,5.3,7.7,7.6,7.2,7.8,6.2,0.3
6,0,23,1,4,1,1,1,3,1,1,10,8,9,7,8,7,9,2,6,9,2,5,6,6,4,1,1,10,25,20,25,5,15,6.8,7.8,8.6,7,8,6.3,0.5
7,0,22,1,4,2,4,1,5,1,1,5,3,4,10,10,10,2,3,8,8,8,10,10,10,10,10,10,15,15,25,20,15,10,7.9,7.6,8.2,7,7.5,6.7,0.7
8,0,25,13,2,1,1,1,5,1,6,2,2,1,10,9,9,3,2,10,8,10,9,9,6,6,8,6,9.09,18.18,27.27,18.18,18.18,9.09,8.11111111111111,7.666666666666667,8.11111111111111,7.777777777777778,7.444444444444445,6.777777777777778,0.7777777777777778
9,0,26,13,6,1,1,1,4,1,9,4,3,1,8,6,7,2,2,10,8,8,10,10,9,9,8,3,20,10,20,30,10,10,7,7.4,7.5,7.8,6.9,6.3,0.7
10,0,26,13,2,4,4,2,6,1,9,9,9,9,7,6,6,7,1,7,8,5,6,7,7,8,7,7,15,15,15,40,10,5,6.375,6.625,6,6.25,5.875,5.625,0.375
11,1,27,8,2,7,3,1,5,4,2,8,7,2,6,7,5,5,5,4,9,2,4,8,7,8,5,1,35,20,20,20,0,5,5.555555555555555,8.666666666666666,8,5.333333333333333,6.444444444444445,5.222222222222222,0.4444444444444444
12,1,22,1,2,1,1,1,1,1,1,9,7,9,8,7,6,3,3,5,6,6,4,7,7,9,5,5,60,0,0,40,0,0,7.777777777777778,7.222222222222222,7.777777777777778,7.333333333333333,7.555555555555555,6.111111111111111,0.4444444444444444
13,1,22,1,4,3,5,2,7,1,1,7,8,2,9,5,6,4,7,7,6,8,10,8,9,9,8,1,19,18,19,18,14,12,4.666666666666667,7.666666666666667,8.666666666666666,6.666666666666667,5.888888888888889,5.888888888888889,0.3333333333333333
14,1,23,1,2,1,1,2,4,1,1,10,6,8,8,3,3,10,8,8,6,7,3,10,6,8,6,1,30,5,15,40,5,5,8,7.333333333333333,7.111111111111111,7.333333333333333,6.222222222222222,7.444444444444445,0.8888888888888888
15,1,24,1,3,3,1,1,4,1,1,9,7,9,7,4,3,6,7,9,8,6,9,9,6,7,2,1,30,10,20,10,10,20,5.777777777777778,7.666666666666667,7.777777777777778,7.222222222222222,6.444444444444445,6.666666666666667,0.3333333333333333
16,1,25,8,2,9,2,1,5,1,7,7,2,6,7,7,7,5,5,5,8,3,7,8,7,8,6,1,50,0,30,10,0,10,5.666666666666667,8.222222222222221,7.777777777777778,4.444444444444445,6,4.666666666666667,0.3333333333333333
17,1,30,13,2,1,1,3,3,2,2,8,2,9,7,7,5,4,2,6,4,2,7,9,7,7,2,2,35,15,25,10,5,10,6.888888888888889,7.333333333333333,8.555555555555555,6.111111111111111,6.444444444444445,6.666666666666667,0.7777777777777778
18,1,27,8,2,8,8,1,6,1,7,5,5,5,9,4,3,4,4,2,6,9,3,9,3,6,2,1,33.33,11.11,11.11,11.11,11.11,22.22,5.111111111111111,7.555555555555555,7.888888888888889,5.333333333333333,7.777777777777778,5.555555555555555,0.3333333333333333
19,1,28,8,2,1,1,4,1,1,7,10,10,10,10,5,5,6,7,9,8,1,1,7,7,7,7,10,50,0,25,10,0,15,7.7,6.8,7.7,8.5,7.1,7.7,0.9
20,1,24,8,2,1,1,1,1,1,7,10,10,10,10,9,9,4,10,10,8,3,8,8,6,6,5,10,100,0,0,0,0,0,7.5,7.3,7.9,8.2,8.4,7.3,0.9
21,0,21,5,4,8,10,6,7,4,10,10,8,10,5,5,5,2,1,3,7,10,4,7,4,8,5,2,12,18,20,16,16,18,5.071428571428571,7.428571428571429,7.928571428571429,5.714285714285714,6.785714285714286,5,0.21428571428571427
22,0,27,9,1,1,2,1,6,2,5,1,2,2,8,8,8,1,2,6,8,8,8,9,7,7,8,8,20,20,20,10,10,20,4.545454545454546,6.7272727272727275,6.636363636363637,5.454545454545454,6.090909090909091,4.181818181818182,0.18181818181818182
23,0,21,3,4,9,6,1,1,1,3,2,2,3,9,7,6,6,7,7,10,9,10,10,10,10,10,3,10,20,40,10,10,10,5.846153846153846,7,6.6923076923076925,6,6.076923076923077,4.923076923076923,0.46153846153846156
24,0,27,11,2,2,3,2,6,4,9,10,1,10,9,6,6,10,6,3,6,1,6,9,8,8,6,7,10,20,20,15,20,15,6.615384615384615,7,7.461538461538462,6.6923076923076925,6.846153846153846,5.461538461538462,0.5384615384615384
25,0,25,11,2,10,2,1,5,2,9,7,4,7,7,6,3,5,6,8,9,9,7,10,6,8,8,4,20,20,15,15,15,15,7.833333333333333,7.25,7.083333333333333,7.5,6.166666666666667,4.833333333333333,0.8333333333333334
26,0,23,11,2,2,4,1,5,2,9,9,4,9,7,7,4,6,5,7,5,3,9,9,6,4,5,1,20,20,20,15,15,10,7.75,7.166666666666667,7.416666666666667,7.416666666666667,6.5,6,0.9166666666666666
27,0,22,3,3,1,5,1,6,2,9,7,6,8,8,7,6,8,7,8,8,5,5,5,5,7,7,8,17,10,18,20,25,10,8.25,7.166666666666667,6.833333333333333,7.583333333333333,6.333333333333333,5.666666666666667,0.9166666666666666
29,0,22,11,2,4,5,1,6,1,9,8,9,7,7,7,6,2,2,7,7,7,5,7,6,8,9,5,20,22,18,15,15,10,5.769230769230769,7.076923076923077,6.384615384615385,6.076923076923077,6.3076923076923075,4.6923076923076925,0.23076923076923078
30,0,23,1,2,2,4,1,7,2,1,5,6,8,7,4,4,2,1,7,8,5,7,7,7,9,6,4,10,20,20,20,20,10,5.909090909090909,6.636363636363637,7.363636363636363,6.090909090909091,7.181818181818182,5.090909090909091,0.2727272727272727
31,0,24,1,2,4,8,1,4,3,1,3,3,7,10,7,7,7,2,6,6,8,8,8,6,7,10,6,35,10,20,20,10,5,7.818181818181818,7.181818181818182,7.2727272727272725,6.363636363636363,7.2727272727272725,5.818181818181818,0.9090909090909091
32,0,27,3,4,1,1,1,4,2,2,4,1,5,9,5,5,1,2,4,9,6,6,7,5,8,10,9,50,0,50,0,0,0,6.714285714285714,7.642857142857143,8.071428571428571,7,7.285714285714286,5.428571428571429,0.5714285714285714
33,0,30,3,2,4,8,6,6,1,6,4,6,10,7,8,6,6,8,6,10,10,8,8,6,6,7,9,30,20,30,10,0,10,5.785714285714286,7.642857142857143,7.928571428571429,6.714285714285714,7.071428571428571,5.714285714285714,0.21428571428571427
34,0,21,8,4,2,2,1,6,2,7,7,6,6,7,4,4,5,4,7,7,6,9,10,7,7,7,7,30,5,30,15,15,5,7,7.142857142857143,7.142857142857143,6.642857142857143,6.928571428571429,5.214285714285714,0.6428571428571429
35,0,25,2,2,9,7,1,6,3,7,9,7,9,8,8,8,5,6,9,7,9,8,8,7,7,8,3,20,23,23,22,7,5,7.076923076923077,6.615384615384615,7.6923076923076925,5.615384615384615,7.3076923076923075,5.153846153846154,0.6923076923076923
36,0,26,2,2,7,8,2,5,2,4,6,1,4,6,7,7,7,1,3,9,1,9,6,6,7,5,1,20,25,20,15,15,5,6.461538461538462,7.153846153846154,7.3076923076923075,6.230769230769231,7.384615384615385,5.230769230769231,0.6153846153846154
37,0,27,3,2,5,8,2,6,2,7,6,4,6,10,9,8,7,6,7,5,6,10,7,8,7,4,9,10,10,30,25,10,15,4.909090909090909,7.090909090909091,7.2727272727272725,5.7272727272727275,6.7272727272727275,5.181818181818182,0.2727272727272727
38,0,23,1,1,8,1,1,4,3,1,7,2,7,10,2,2,7,4,7,2,8,8,10,10,10,10,2,50,10,20,10,10,0,6.666666666666667,7.583333333333333,7.916666666666667,7.75,7.75,6,0.5
39,0,24,1,3,6,4,5,6,4,1,3,2,4,10,10,8,7,1,5,10,9,9,10,9,9,10,1,20,20,20,15,15,10,4.285714285714286,7.5,7,7.071428571428571,6.285714285714286,5.357142857142857,0.14285714285714285
41,1,30,1,4,1,1,2,6,5,1,5,5,6,5,5,5,5,10,5,6,6,6,6,5,5,5,1,30,20,10,30,0,10,3.4615384615384617,6.076923076923077,6.538461538461538,4.076923076923077,6.923076923076923,3.3846153846153846,0
42,1,23,5,4,1,6,2,7,4,5,1,1,7,5,3,3,3,1,1,9,8,5,7,2,5,2,1,20,25,20,15,10,10,4.8,5.866666666666666,6.8,5.533333333333333,6.666666666666667,4.8,0.2
43,1,24,8,2,1,1,6,6,3,2,8,9,6,5,7,7,2,5,5,9,6,7,4,6,5,2,1,25,35,30,10,0,0,4.0625,6.375,7.0625,4.5625,6.4375,3.9375,0.1875
44,1,24,3,2,3,3,1,3,1,2,9,1,8,7,8,8,10,6,7,8,1,7,3,8,1,6,8,25,15,25,25,15,15,4.888888888888889,6.555555555555555,6.722222222222222,4.611111111111111,5.777777777777778,4.055555555555555,0.2222222222222222
45,1,28,8,2,6,6,2,6,3,7,9,7,3,6,8,6,6,7,6,6,7,6,7,6,6,6,3,25,15,25,15,0,20,5.111111111111111,6.166666666666667,6.833333333333333,3.7777777777777777,6.444444444444445,4.055555555555555,0.2222222222222222
46,1,26,8,2,2,3,2,6,2,7,10,7,5,6,7,7,8,3,7,7,4,4,6,5,6,2,7,20,35,20,10,10,5,7.357142857142857,6.571428571428571,7.142857142857143,6.642857142857143,6.071428571428571,5.357142857142857,0.42857142857142855
47,1,30,8,2,2,2,1,6,1,2,6,7,2,8,7,6,3,7,4,7,4,5,8,8,7,2,1,20,20,25,25,5,5,4,5.833333333333333,6.5,5.555555555555555,5.944444444444445,4.611111111111111,0.05555555555555555
48,1,22,12,2,9,2,1,5,2,6,3,1,6,7,7,8,1,5,8,4,6,10,10,6,8,6,2,30,15,25,25,5,0,6.722222222222222,6.222222222222222,5.833333333333333,6.722222222222222,5.555555555555555,5.111111111111111,0.4444444444444444
49,1,25,8,4,1,3,1,3,2,7,10,7,5,7,6,7,2,8,7,9,5,5,6,5,8,2,7,20,20,20,20,5,15,6.5625,7.1875,7.75,7.03125,7,5.9375,0.5
50,1,27,1,1,4,4,6,6,2,1,10,10,3,8,5,3,4,3,10,5,6,8,10,7,10,6,2,35,10,20,15,10,10,6.375,6.5,7.375,7.5,7.6875,5.875,0.5625
51,1,23,1,2,5,10,1,5,3,1,6,6,7,3,4,3,6,5,4,5,7,1,6,1,2,2,1,25,10,35,15,0,15,5.470588235294118,5.029411764705882,6.294117647058823,4.235294117647059,5.794117647058823,4.352941176470588,0.29411764705882354
52,1,21,1,2,10,9,1,4,1,1,8,5,3,6,3,4,3,3,3,3,7,4,6,3,5,4,2,15,20,15,30,5,15,3.875,6.5,7.0625,5,6.1875,4.6875,0.1875
53,1,28,4,2,2,2,2,6,2,4,8,4,3,10,9,8,8,4,4,9,5,7,9,9,9,7,3,40,15,20,10,5,10,6.6,6.933333333333334,7.6,5.6,7.4,5.333333333333333,0.4
54,1,28,8,2,1,1,5,5,1,7,5,2,2,8,7,8,8,1,3,7,1,8,6,9,9,1,3,40,20,20,20,0,0,4.352941176470588,6.117647058823529,6.676470588235294,4.647058823529412,6.411764705882353,4.823529411764706,0
55,1,23,1,1,1,1,6,4,2,1,10,8,4,5,5,4,1,6,10,9,7,5,10,7,10,5,1,20,25,25,10,10,10,6.117647058823529,7.0588235294117645,6.9411764705882355,6.9411764705882355,6.764705882352941,5.470588235294118,0.35294117647058826
56,0,23,11,2,10,9,1,3,1,9,2,1,10,10,5,5,2,1,7,6,8,8,7,6,9,10,4,17,18,18,15,17,15,7.555555555555555,7,6.666666666666667,6.888888888888889,7.111111111111111,4.888888888888889,0.6666666666666666
57,0,22,11,2,10,10,3,5,2,9,4,4,5,9,9,9,9,1,5,9,9,9,9,9,9,9,9,10,20,20,20,15,15,5.444444444444445,7.777777777777778,6.888888888888889,6,5.777777777777778,4.666666666666667,0.2222222222222222
60,0,29,3,6,3,10,4,6,2,6,3,1,9,9,5,5,3,1,5,5,2,10,7,6,9,5,5,5,20,25,15,15,20,4.888888888888889,7,6.333333333333333,6.777777777777778,6.222222222222222,4.666666666666667,0.2222222222222222
61,0,28,7,2,1,5,1,5,2,2,1,1,5,10,10,10,5,1,5,10,6,10,10,8,10,8,7,15,15,20,15,15,20,4,7.222222222222222,7.555555555555555,5.333333333333333,5.666666666666667,4.222222222222222,0.2222222222222222
62,0,26,1,3,1,1,2,7,2,1,8,5,7,8,6,6,7,7,7,7,3,2,9,7,9,9,2,30,10,20,20,10,10,8.125,7.375,7.5,6.75,6.5,6.375,0.875
63,0,24,1,4,1,3,3,6,1,10,5,3,8,6,9,8,5,1,2,10,1,8,9,4,5,6,2,5,15,45,25,0,10,4.625,6.875,7,6,5.5,4.625,0.125
64,0,27,11,4,6,3,2,6,5,9,8,8,8,8,8,8,9,5,3,8,7,8,8,9,9,8,5,10,25,25,10,10,20,5.3,6.2,7.4,5.6,6.5,4.7,0.2
65,0,23,11,6,6,3,2,5,3,3,7,5,7,8,8,8,8,8,9,8,8,8,9,8,8,9,6,17,17,17,17,17,15,6.5,7.3,7,7.8,6.2,5.7,0.4
66,1,29,8,3,1,1,2,6,4,7,4,2,3,6,4,3,3,6,4,8,6,4,8,4,6,4,2,20,25,15,15,53,20,5,7.25,6.875,6.375,6.625,4.625,0.25
67,1,22,1,6,1,1,6,5,2,1,9,9,6,7,6,6,4,4,4,6,6,3,9,9,9,2,1,20,15,20,20,5,10,6.428571428571429,7.857142857142857,7.714285714285714,7,7,5,0.42857142857142855
68,1,27,6,1,1,1,5,4,3,6,3,2,2,7,8,8,3,3,7,10,7,5,9,7,7,7,1,21,17,22,20,8,13,5.5,5.8,7.8,4.9,6,4.7,0.2
69,1,28,8,2,2,2,6,6,1,7,10,7,5,5,3,2,1,3,9,8,2,4,7,6,7,2,1,50,10,30,10,0,0,7.111111111111111,7.444444444444445,7.666666666666667,6.888888888888889,7.111111111111111,6.111111111111111,0.6666666666666666
70,1,26,8,2,5,1,5,2,1,7,9,4,9,5,7,5,7,5,5,8,3,7,8,5,8,5,6,25,10,20,20,15,10,6,7.444444444444445,8.555555555555555,8,8.444444444444445,6.222222222222222,0.3333333333333333
71,1,21,1,2,6,7,5,6,2,14,9,10,6,4,3,3,7,6,7,7,8,3,10,6,8,2,1,60,15,0,15,0,10,5,8.222222222222221,7.777777777777778,5.222222222222222,7.333333333333333,5.222222222222222,0.4444444444444444
72,1,22,5,2,8,1,5,6,1,7,8,3,7,10,6,6,7,2,9,5,6,7,7,6,8,8,4,21,20,19,20,10,10,6.4,7.4,6.5,5,5.6,4.8,0.2
73,1,22,8,2,7,3,6,4,2,7,9,9,7,6,5,4,4,6,6,5,5,5,7,7,6,4,1,30,10,20,30,0,10,6,7.375,7.625,7.375,8.25,5.625,0.375
74,1,25,5,2,3,1,5,7,2,5,8,3,5,9,10,10,9,6,8,10,2,9,10,8,8,3,5,30,0,30,30,10,0,5.3,7.3,7.6,6,7.2,4.9,0.3
75,1,24,1,6,3,3,6,5,3,1,8,2,8,7,7,7,7,5,9,8,8,5,7,6,8,5,5,20,20,20,20,10,10,5.625,7.375,7.875,5.5,7.25,4.625,0.25
76,0,34,6,2,5,7,2,7,2,2,1,7,6,8,8,8,5,1,7,7,4,8,8,8,7,7,7,10,10,30,20,10,20,5.785714285714286,7,7.785714285714286,7.571428571428571,6.714285714285714,6.071428571428571,0.42857142857142855
77,0,22,11,2,2,2,1,4,2,11,7,1,10,9,9,9,8,3,6,6,6,8,8,10,10,7,9,15,20,20,20,15,10,6.571428571428571,7.214285714285714,7.214285714285714,6.714285714285714,6.5,5.785714285714286,0.42857142857142855
78,0,23,11,3,1,4,2,7,3,11,5,1,7,7,9,5,9,1,3,9,3,9,9,9,7,5,10,10,25,20,10,20,15,6.038461538461538,6.615384615384615,6.269230769230769,5.3076923076923075,4.923076923076923,4.6923076923076925,0.23076923076923078
79,0,26,5,4,8,8,2,7,1,5,2,3,2,10,10,10,2,1,7,4,4,9,9,8,8,3,3,10,20,15,20,20,15,5.666666666666667,7.666666666666667,7.533333333333333,6.866666666666666,6.266666666666667,6.2,0.4666666666666667
80,0,27,10,4,3,1,1,5,4,2,8,3,7,5,5,4,3,1,5,10,9,7,7,7,7,9,2,10,20,20,10,20,20,6.214285714285714,7.857142857142857,7.428571428571429,5.75,6.571428571428571,4.928571428571429,0.21428571428571427
81,0,28,6,2,6,9,5,5,2,6,6,2,7,9,9,7,7,1,7,7,7,9,9,7,7,7,4,10,10,20,20,20,20,7.8,7.066666666666666,7.533333333333333,6.933333333333334,8,6.666666666666667,0.7333333333333333
82,0,25,9,6,2,7,1,3,2,2,5,5,5,8,9,10,9,1,7,8,6,8,8,8,9,6,7,20,20,20,20,10,10,6.4,7.466666666666667,7.133333333333334,7,6.133333333333334,5.3,0.5333333333333333
83,0,35,8,3,1,5,2,6,1,7,5,1,3,5,7,8,3,1,6,8,3,7,8,7,8,4,7,10,32,20,12,11,15,7.142857142857143,8,7.571428571428571,7.428571428571429,7.071428571428571,6.392857142857143,0.7857142857142857
84,0,32,10,3,1,1,2,4,1,4,7,1,9,9,9,9,3,1,9,9,1,9,10,9,9,5,5,30,30,30,5,0,5,6.4,7.533333333333333,7.7,6.966666666666667,6.8,5.8,0.4666666666666667
85,0,30,11,2,3,5,2,6,4,9,2,3,4,9,8,6,8,4,7,8,4,6,7,5,8,5,3,20,25,15,15,15,10,6.076923076923077,7.461538461538462,7.230769230769231,6.3076923076923075,6.076923076923077,5.846153846153846,0.23076923076923078
86,0,22,3,2,1,1,2,7,1,2,2,2,1,4,7,7,2,1,6,4,7,5,10,10,10,2,2,15,20,20,20,5,20,7,7.733333333333333,7.8,7.4,7.266666666666667,6.066666666666666,0.7333333333333333
87,0,23,11,2,8,10,1,3,2,9,10,5,10,8,7,7,8,4,9,9,6,7,10,9,10,7,9,15,15,20,15,15,20,7.384615384615385,7.384615384615385,7.076923076923077,6.923076923076923,6.461538461538462,5.269230769230769,0.6153846153846154
88,0,23,11,2,8,7,1,4,4,9,8,7,10,7,7,7,8,6,6,10,8,9,10,8,10,9,3,15,15,20,15,20,15,6.733333333333333,7.466666666666667,7.066666666666666,6.666666666666667,6.533333333333333,6.066666666666666,0.3333333333333333
89,0,27,8,2,3,2,1,7,3,2,2,2,2,10,8,8,7,8,9,8,1,9,8,8,9,4,2,25,15,20,20,20,0,6.733333333333333,7.2,7.466666666666667,5.8,7.2,4.666666666666667,0.3333333333333333
90,0,23,10,4,4,1,2,7,7,10,8,9,6,5,8,9,6,3,1,10,6,7,8,7,6,4,1,15,21,18,18,10,18,5.642857142857143,7.857142857142857,7.571428571428571,4.928571428571429,5.785714285714286,4.071428571428571,0.14285714285714285
91,0,25,1,6,6,8,1,3,2,1,4,2,5,7,7,5,7,3,5,7,7,10,8,8,7,6,2,15,3,50,20,2,10,8.333333333333334,7.933333333333334,8.2,7.8,8.2,6.733333333333333,0.8666666666666667
92,0,29,9,2,1,2,5,6,1,7,7,2,8,10,9,9,9,2,9,10,4,10,10,8,10,6,9,10,20,20,20,20,10,7.769230769230769,7.461538461538462,7.384615384615385,6.153846153846154,6.6923076923076925,5.846153846153846,0.6153846153846154
93,0,29,5,2,2,2,1,5,1,2,3,2,6,10,7,6,8,7,8,7,5,8,8,6,5,7,6,14,20,18,24,18,6,6.833333333333333,7.833333333333333,7.866666666666666,7.433333333333334,6.9,6.266666666666667,0.7333333333333333
94,1,28,8,4,6,8,2,6,3,7,7,2,8,8,5,4,4,3,3,9,5,7,9,6,7,4,5,20,20,20,10,10,20,3.5714285714285716,5.142857142857143,6.857142857142857,5,7.642857142857143,4.428571428571429,0.14285714285714285
95,1,26,8,2,7,5,1,5,2,7,10,10,6,6,4,3,1,6,4,7,9,5,10,8,10,3,3,18,18,18,19,13,14,4.6875,7.0625,7.1875,5.4375,6.75,5.0625,0.125
96,1,26,5,3,3,6,1,7,1,2,5,8,7,10,10,8,10,6,8,8,3,8,9,8,7,7,3,10,20,20,22,6,22,4.4375,7,7.625,5.25,7.1875,4.75,0
97,1,29,10,2,4,1,2,5,2,2,6,8,8,3,3,3,6,1,5,8,3,2,7,3,7,3,5,50,7,20,23,0,0,6.769230769230769,7.076923076923077,7.923076923076923,6.923076923076923,7.384615384615385,5.923076923076923,0.46153846153846156
98,1,39,11,2,1,1,4,4,2,2,8,8,8,7,3,3,5,1,7,7,3,7,8,6,8,2,7,40,20,15,20,0,5,5.823529411764706,7.529411764705882,7.0588235294117645,4.235294117647059,6.0588235294117645,4.352941176470588,0.11764705882352941
99,1,28,1,2,1,1,3,3,2,1,5,5,5,8,10,10,5,5,9,6,6,10,10,10,10,8,5,30,30,20,10,10,0,8,7.6,7.8,7.466666666666667,7.6,7.2,0.9333333333333333
100,1,30,8,6,8,9,1,3,2,2,5,4,6,7,6,6,2,2,4,6,5,7,7,3,7,6,2,20,25,25,15,5,10,4.928571428571429,7.928571428571429,8.071428571428571,6,7.642857142857143,5.642857142857143,0.35714285714285715
101,1,22,8,4,3,2,3,4,3,7,9,9,7,9,9,9,8,8,9,8,7,9,8,7,8,8,4,40,8,10,12,10,20,4.25,7.625,7.9375,4.6875,7,4.4375,0
102,1,32,10,2,2,6,1,4,4,2,9,9,9,9,4,4,7,2,5,5,4,4,9,3,5,5,2,30,10,30,20,10,0,4.375,7.125,7.1875,5,6.25,4.125,0.125
103,1,26,8,2,8,9,2,4,1,7,8,7,8,8,6,4,8,5,8,8,8,5,8,8,8,6,3,40,5,20,10,10,15,6.266666666666667,7.066666666666666,6.866666666666666,6.4,7,5.133333333333334,0.2
104,1,27,10,2,6,8,2,5,3,2,8,3,8,9,8,8,9,5,8,7,3,8,7,6,8,3,7,20,15,25,15,20,5,7.266666666666667,7.2,7.666666666666667,6.933333333333334,7.066666666666666,5.733333333333333,0.4666666666666667
105,1,25,1,1,1,1,2,7,1,1,9,9,6,8,5,5,3,4,7,8,6,6,7,4,7,5,5,30,15,20,20,0,5,6.352941176470588,7.9411764705882355,8.176470588235293,8.058823529411764,7.647058823529412,6.588235294117647,0.5294117647058824
106,1,22,1,3,1,3,5,7,3,1,2,4,2,9,6,5,4,9,2,9,8,7,9,2,8,5,3,10,20,35,10,5,20,5.071428571428571,7.5,7.571428571428571,6.571428571428571,6.928571428571429,5,0.14285714285714285
107,1,21,7,2,1,1,1,4,1,2,7,2,4,7,6,7,8,1,7,7,1,5,7,9,9,1,10,19,24,21,23,5,8,6.75,8.25,8.0625,8,7.4375,7.125,0.625
108,1,24,5,2,1,1,1,6,3,5,7,3,4,5,6,7,3,2,5,7,3,7,7,4,6,2,2,10,20,35,20,0,15,7.166666666666667,7,7.5,6.777777777777778,6.944444444444445,6.111111111111111,0.5555555555555556
109,1,25,14,4,1,1,1,4,1,6,2,1,2,10,10,10,1,2,2,10,5,7,10,10,10,5,3,15,10,30,10,5,30,5.875,7.75,8.0625,7,7.25,6.4375,0.375
110,1,28,14,2,4,6,2,6,1,6,4,3,8,7,7,9,8,2,3,7,5,7,9,7,8,3,6,20,20,15,15,5,25,5.714285714285714,6.785714285714286,7.142857142857143,7,7.214285714285714,5.642857142857143,0.21428571428571427
111,1,27,8,4,7,1,5,5,1,7,9,9,7,9,10,9,9,1,5,9,5,8,9,8,5,3,5,20,20,20,20,10,10,5,7.428571428571429,7.5,6.571428571428571,7.142857142857143,5.5,0.07142857142857142
112,0,20,3,6,1,1,1,3,1,11,8,3,8,5,7,8,8,8,9,9,3,8,8,9,10,4,6,15,15,20,25,10,15,7.9,7.3,7.5,7,6.2,6.4,0.8
113,0,21,8,2,3,8,1,4,1,10,5,3,7,10,9,8,7,2,6,8,7,10,10,9,10,10,7,15,15,25,25,15,5,6.4,6.7,7,6.6,6,6.1,0.4
115,0,21,3,2,10,7,1,5,1,3,2,2,8,7,3,3,1,1,8,10,2,2,6,4,7,8,1,20,10,30,20,15,5,7.222222222222222,6.333333333333333,6.555555555555555,7.222222222222222,6.444444444444445,6.888888888888889,0.5555555555555556
116,0,21,13,2,4,1,1,1,1,10,5,4,3,10,10,10,6,4,8,10,10,10,10,10,10,10,8,15,15,25,25,20,0,6.666666666666667,6.777777777777778,6.333333333333333,6.111111111111111,6.111111111111111,6,0.5555555555555556
117,0,21,8,2,8,10,1,3,1,7,6,8,6,9,8,6,3,5,8,8,5,6,5,6,5,9,3,20,10,20,20,20,10,7.777777777777778,7.222222222222222,7.444444444444445,7.444444444444445,7.444444444444445,7,0.5555555555555556
119,0,19,16,3,5,2,1,3,1,1,8,5,8,9,9,9,5,8,10,9,5,10,9,10,10,7,8,50,15,10,10,10,5,7.666666666666667,7.333333333333333,6.666666666666667,6.444444444444445,6.444444444444445,5.888888888888889,0.7777777777777778
120,0,20,6,3,1,4,5,4,3,6,5,4,4,8,7,5,3,1,5,10,6,10,9,6,8,3,5,10,10,35,35,8,2,7.8,6.6,7.5,7.3,6.9,6.2,0.7
121,0,21,3,2,8,1,5,7,1,2,2,2,6,10,6,10,6,4,7,7,8,10,10,10,10,10,4,35,15,5,30,15,0,4.8,6.5,7.2,4.8,5.4,4,0.2
122,1,22,1,6,1,1,1,3,1,1,7,9,7,9,7,6,5,6,6,6,8,7,8,8,8,5,4,40,15,10,20,5,10,8.375,8.875,8.625,8.875,7.625,7.5,0.875
123,1,18,5,4,3,5,2,5,1,4,9,9,8,8,3,2,5,5,6,2,7,2,7,7,7,7,5,50,10,20,5,5,10,6.375,9,7.25,5.5,6.625,4.375,0.375
124,1,22,8,4,1,1,2,4,1,1,5,5,8,10,8,8,6,5,8,8,6,9,9,9,8,8,7,40,10,10,10,10,20,3.75,5.25,6.75,2.625,8.5,1.375,0
125,1,21,4,2,3,1,1,3,1,4,3,1,9,10,9,10,1,1,10,9,2,9,9,9,9,10,7,20,15,20,15,12,18,8,8.333333333333334,8.555555555555555,8.444444444444445,8.222222222222221,6.777777777777778,0.8888888888888888
126,1,22,7,2,7,5,4,6,3,4,10,8,7,8,8,7,5,2,7,10,5,8,8,9,10,6,7,25,40,15,10,5,5,6.25,8.5,8.625,6.75,8.125,6.375,0.375
127,1,22,5,2,1,1,6,5,1,6,10,8,8,8,5,3,5,5,6,1,7,1,5,8,7,5,10,25,25,25,15,5,5,7.333333333333333,5.888888888888889,6.111111111111111,6.111111111111111,6.111111111111111,5.111111111111111,0.5555555555555556
128,1,21,5,2,3,1,1,3,2,5,8,7,7,6,4,4,8,7,3,5,3,4,8,10,10,2,2,40,15,10,20,10,5,7.875,8.625,8.125,6.875,6.625,5,0.75
131,1,19,5,4,4,1,2,7,3,10,5,1,5,5,5,5,3,6,4,8,7,6,8,7,6,5,3,25,10,20,20,10,15,4.833333333333333,8,6.833333333333333,4.333333333333333,6.333333333333333,1.5,0.16666666666666666
132,0,27,8,2,10,1,1,7,2,7,7,2,10,5,7,7,9,1,1,5,9,5,10,3,10,1,10,16.67,16.67,16.67,16.67,16.67,16.67,7.75,7.25,6.75,7,7.25,6.5,1
133,0,24,5,4,8,6,1,6,5,2,8,7,6,7,10,8,10,4,3,6,4,8,7,10,9,7,6,12.77,19.15,17.02,17.02,14.89,19.15,5,9.25,8.75,7.5,7.25,4.25,0.25
134,0,23,10,2,8,10,1,5,3,2,7,4,4,8,9,6,7,8,6,8,5,9,5,7,8,8,8,6.67,20,20,17.78,20,15.56,6.333333333333333,8.333333333333334,8.333333333333334,5.666666666666667,7,4.333333333333333,0.6666666666666666
135,0,26,3,2,9,6,1,7,2,2,3,1,1,1,9,9,10,1,7,7,1,8,7,10,10,2,9,18.18,22.73,18.18,13.64,13.64,13.64,6.375,7.75,7.5,5.75,6.75,4.75,0.75
137,1,26,8,4,1,1,1,4,1,8,6,1,8,8,4,4,1,5,7,4,7,1,9,9,10,8,3,17.39,17.39,15.22,17.39,13.04,19.57,7.5,8.25,7.25,8.5,7.5,8.25,0.25
138,1,32,8,2,9,6,1,3,2,7,7,2,9,8,6,6,1,7,7,9,9,4,9,2,9,6,2,20,20,20,20,6.67,13.33,8,8,8.75,8.25,8.25,8,0.5
139,1,37,5,4,6,1,1,6,3,2,7,5,8,10,9,9,6,5,6,10,8,7,10,8,9,7,8,18.75,16.67,18.75,20.83,12.5,12.5,5.25,6.75,7.5,5.25,7.75,4.5,0
140,1,29,8,2,5,5,1,5,2,7,8,6,8,9,5,5,5,5,7,9,6,7,6,4,5,4,3,18.6,16.28,18.6,18.6,11.63,16.28,8,8.25,8.25,8.5,8.75,7.5,0.5
141,1,28,8,3,4,4,1,6,2,7,10,10,3,9,5,5,7,5,7,3,8,9,10,8,9,6,6,20.83,20.83,16.67,16.67,6.25,18.75,5.5,6.75,6.75,7,6.5,6.25,0
142,0,24,13,2,1,4,1,5,2,2,5,6,6,6,5,5,6,14,7,6,6,6,6,6,8,6,6,14.29,14.29,21.43,21.43,19.05,9.52,7.666666666666667,7.333333333333333,7.583333333333333,6.916666666666667,6.333333333333333,5.833333333333333,0.6666666666666666
143,0,33,1,2,6,2,2,7,4,1,4,5,6,8,9,9,6,4,8,9,5,7,7,7,7,6,4,8.33,20.83,20.83,14.58,16.67,18.75,4.846153846153846,7.615384615384615,7.230769230769231,5.230769230769231,6.846153846153846,4.846153846153846,0.07692307692307693
144,0,23,10,2,5,2,1,5,2,2,10,7,9,6,6,6,4,3,7,7,5,4,7,9,8,7,4,16,16,16,18,18,16,6.857142857142857,7.642857142857143,8.142857142857142,7.285714285714286,6.571428571428571,6.285714285714286,0.35714285714285715
145,0,24,10,2,9,7,2,7,1,2,2,1,2,9,9,5,2,2,1,8,10,10,10,5,8,9,2,11.36,18.18,22.73,18.18,11.36,18.18,5.571428571428571,7.357142857142857,7.857142857142857,5.928571428571429,6.571428571428571,5.285714285714286,0.35714285714285715
146,0,36,6,2,1,7,4,7,1,2,5,2,5,5,8,8,3,1,3,10,8,8,8,5,8,8,3,18.18,18.18,18.18,18.18,13.64,13.64,5.384615384615385,7,7.615384615384615,5.230769230769231,6.153846153846154,5.230769230769231,0.38461538461538464
147,0,26,8,4,3,3,5,5,1,7,8,7,8,9,9,9,5,2,8,10,8,9,8,6,6,7,10,18,18,20,18,16,10,6.3076923076923075,7.230769230769231,7,7.923076923076923,6.3076923076923075,5.461538461538462,0.38461538461538464
148,0,27,8,4,7,4,5,4,1,7,7,4,6,9,9,9,5,2,1,10,10,9,9,5,7,9,7,15.09,16.98,16.98,18.87,18.87,13.21,6.833333333333333,6.833333333333333,7.25,6.5,6.916666666666667,5.333333333333333,0.75
149,0,28,13,2,3,3,1,5,2,2,8,4,5,8,8,8,8,3,6,6,6,5,8,7,10,9,8,8.51,19.15,19.15,19.15,19.15,14.89,7.538461538461538,7,7.461538461538462,6.538461538461538,6.769230769230769,6.461538461538462,0.7692307692307693
150,0,31,7,2,3,3,4,5,2,2,5,1,3,5,3,3,9,1,5,7,1,1,7,5,4,2,10,12,20,20,20,14,14,7.285714285714286,8,8.285714285714286,7,7.071428571428571,5.285714285714286,0.7142857142857143
151,0,28,13,2,1,2,3,3,1,9,5,1,8,10,9,8,8,4,1,8,1,9,8,9,10,7,7,14.55,16.36,18.18,18.18,16.36,16.36,8.833333333333334,8.083333333333334,7.5,7.666666666666667,6.833333333333333,5.833333333333333,0.9166666666666666
152,0,27,13,4,2,3,1,4,3,2,4,1,4,8,9,8,5,5,7,10,5,9,10,9,9,7,1,14,20,20,14,18,14,7,7.923076923076923,7.846153846153846,5.6923076923076925,6.6923076923076925,4.384615384615385,0.46153846153846156
153,0,28,7,4,1,1,2,6,3,2,8,5,7,7,7,6,6,5,7,10,6,7,9,7,7,8,5,9.76,19.51,19.51,14.63,19.51,17.07,6.461538461538462,8,7.076923076923077,5.846153846153846,6.461538461538462,4.6923076923076925,0.38461538461538464
154,0,27,8,2,8,3,6,4,1,7,10,7,8,8,6,6,6,1,6,8,7,7,8,6,6,3,2,15.38,17.31,17.31,17.31,17.31,15.38,7.785714285714286,7.857142857142857,7.571428571428571,7.214285714285714,7.571428571428571,6,0.8571428571428571
155,0,27,8,2,5,1,2,5,1,9,2,1,10,10,7,8,5,1,1,10,4,10,9,5,7,7,4,15.09,18.87,18.87,16.98,16.98,13.21,7.416666666666667,7.166666666666667,6.833333333333333,6.583333333333333,6.5,5.666666666666667,0.5833333333333334
156,0,30,8,1,1,1,2,6,3,7,3,7,10,10,10,10,8,7,9,10,10,10,10,10,10,7,8,14,18,16,18,18,16,7.071428571428571,8,8.142857142857142,7.285714285714286,8.142857142857142,6.285714285714286,0.6428571428571429
157,0,28,8,4,5,3,1,6,1,7,8,7,8,8,6,6,9,2,9,7,4,6,7,5,6,6,3,14.29,16.33,16.33,18.37,18.37,16.33,7.6923076923076925,7.076923076923077,7.384615384615385,7.384615384615385,7.6923076923076925,5.769230769230769,0.7692307692307693
158,1,23,10,2,3,4,4,6,2,2,2,4,4,6,7,4,7,7,6,8,6,5,8,4,9,5,1,19.05,19.05,19.05,19.05,9.52,14.29,4.2727272727272725,6.363636363636363,7.363636363636363,3.727272727272727,6.545454545454546,3.8181818181818183,0
159,1,28,10,2,7,2,1,6,2,2,7,7,6,9,9,8,6,4,5,8,7,7,9,8,9,7,2,15.91,20.45,20.45,20.45,11.36,11.36,3.909090909090909,7.545454545454546,8.090909090909092,5.545454545454546,7.090909090909091,4.363636363636363,0.09090909090909091
160,1,29,8,1,3,4,2,5,2,8,9,8,10,6,6,4,3,4,8,6,3,7,9,6,9,3,2,16,18,18,18,14,16,7.5,7.285714285714286,7.571428571428571,8.142857142857142,8,6.142857142857143,0.2857142857142857
161,1,22,10,2,6,2,2,4,2,10,9,9,9,8,7,6,7,7,9,9,8,6,8,6,9,6,2,16.67,18.75,18.75,18.75,18.75,8.33,7.928571428571429,7.428571428571429,8.071428571428571,7.857142857142857,7.285714285714286,6.357142857142857,0.7142857142857143
162,1,27,10,4,1,1,2,6,2,4,3,3,3,8,7,7,6,2,8,5,4,3,9,10,10,7,3,15.22,15.22,19.57,17.39,13.04,19.57,6,6.833333333333333,7.666666666666667,5.75,6.916666666666667,5.666666666666667,0.3333333333333333
163,1,26,9,2,1,1,4,3,3,2,6,2,2,4,8,8,4,1,1,8,1,6,6,4,6,2,1,12,20,20,20,16,12,6.928571428571429,7.714285714285714,7.642857142857143,7.142857142857143,7.071428571428571,6.785714285714286,0.5714285714285714
164,1,27,7,2,1,1,1,6,2,2,7,5,5,6,7,7,7,1,3,7,2,5,6,4,6,2,2,20.51,23.08,20.51,17.95,2.56,15.38,6.6923076923076925,8,8.153846153846153,6.923076923076923,6.769230769230769,6.153846153846154,0.23076923076923078
165,1,30,13,2,4,7,3,6,3,6,3,1,6,6,7,7,2,1,1,10,8,8,8,5,5,2,2,16.67,12.5,20.83,18.75,12.5,18.75,7.090909090909091,6.909090909090909,6.7272727272727275,5.2727272727272725,5.7272727272727275,5.090909090909091,0.18181818181818182
166,1,26,8,6,1,9,5,5,2,7,5,5,9,4,4,2,5,1,3,9,1,5,8,7,10,1,7,27.78,19.44,19.44,27.78,2.78,2.78,7.363636363636363,6.818181818181818,7.363636363636363,6.636363636363637,7.2727272727272725,5.636363636363637,0.2727272727272727
167,1,23,10,2,1,1,2,6,2,2,9,9,8,6,8,8,9,2,5,6,5,6,8,6,7,3,2,18.6,13.95,18.6,16.28,16.28,16.28,6.153846153846154,6.923076923076923,7.461538461538462,6.769230769230769,6.6923076923076925,5.769230769230769,0.23076923076923078
168,1,23,10,4,1,1,1,4,2,10,5,5,3,5,5,5,5,3,3,5,3,5,5,5,3,3,3,11.11,17.78,17.78,17.78,17.78,17.78,4.454545454545454,7.363636363636363,7.454545454545454,6.2727272727272725,6.181818181818182,5.363636363636363,0.09090909090909091
169,1,28,10,2,2,3,2,6,2,2,10,7,8,9,9,7,7,1,6,4,2,7,6,8,8,4,4,17.78,20,17.78,15.56,15.56,13.33,8.23076923076923,8.153846153846153,8.615384615384615,7.769230769230769,7.615384615384615,7,0.9230769230769231
170,1,28,10,4,2,1,1,5,3,4,2,1,8,8,8,8,5,3,1,9,8,7,8,6,8,4,5,16.28,20.93,18.6,18.6,13.95,11.63,4.333333333333333,7.5,8.416666666666666,5,7.583333333333333,5.25,0
171,1,29,8,2,1,1,1,4,2,7,8,2,8,8,5,5,5,2,8,9,6,6,9,4,9,7,1,19.57,10.87,19.57,19.57,19.57,10.87,5.6,8.1,8.5,5.7,7.5,4.9,0.3
172,1,27,8,2,5,7,1,3,1,7,7,8,7,8,4,5,5,6,8,7,4,6,8,8,7,6,3,17.78,17.78,22.22,20,15.56,6.67,7,8.272727272727273,8.272727272727273,7.818181818181818,8.090909090909092,7.2727272727272725,0.5454545454545454
173,1,22,2,2,5,7,1,4,1,2,10,8,9,6,5,6,7,4,8,7,4,5,6,9,10,3,6,18.37,18.37,20.41,20.41,16.33,6.12,6.2727272727272725,7.7272727272727275,8.363636363636363,7.363636363636363,7.454545454545454,6.818181818181818,0.45454545454545453
174,0,29,8,4,1,1,4,5,3,7,5,4,6,6,8,8,4,4,6,8,4,6,5,9,9,6,5,9.52,23.81,16.67,16.67,16.67,16.67,4.857142857142857,7.714285714285714,7.285714285714286,5.571428571428571,5.571428571428571,5.857142857142857,0.14285714285714285
175,0,23,13,6,5,8,2,3,1,7,8,2,6,8,7,7,3,3,6,6,5,6,5,6,9,5,3,12.24,20.41,16.33,14.29,20.41,16.33,5.777777777777778,7.555555555555555,7.333333333333333,6.111111111111111,6.555555555555555,7,0.4444444444444444
176,0,28,8,4,10,1,2,6,3,7,7,6,5,10,10,9,7,4,4,5,5,8,8,8,8,6,3,13.04,21.74,19.57,17.39,15.22,13.04,6.875,7.875,7.75,5.125,7.375,6,0.375
177,0,22,13,2,8,3,2,5,2,7,5,9,6,8,6,4,2,3,7,9,7,6,7,3,4,5,1,15.09,16.98,16.98,16.98,18.87,15.09,5,7.125,7.25,6.875,7.625,5.5,0
178,0,35,3,4,5,5,2,4,2,4,3,4,7,9,8,8,8,2,9,8,8,8,8,8,9,6,8,15.22,17.39,17.39,17.39,15.22,17.39,4.714285714285714,7.714285714285714,7.571428571428571,6.142857142857143,6.857142857142857,6.428571428571429,0.2857142857142857
179,0,30,6,3,5,1,1,6,3,2,5,5,10,10,7,7,5,1,7,10,1,8,8,7,9,10,9,19.15,21.28,17.02,17.02,12.77,12.77,8.11111111111111,7.888888888888889,8.444444444444445,8.222222222222221,7.777777777777778,6.333333333333333,0.7777777777777778
180,0,24,8,4,2,2,6,4,2,7,7,7,5,9,5,5,8,5,9,6,7,9,9,7,8,9,7,15.38,17.31,17.31,19.23,13.46,17.31,7.714285714285714,8.285714285714286,7.428571428571429,7.285714285714286,7,6.571428571428571,0.8571428571428571
181,0,22,4,1,7,8,1,5,5,2,3,6,5,9,9,9,6,3,9,9,9,9,9,9,9,9,6,15.38,19.23,19.23,17.31,17.31,11.54,7.714285714285714,8.428571428571429,7.428571428571429,6.714285714285714,7.142857142857143,6,0.5714285714285714
182,0,22,4,1,7,5,1,4,3,4,5,6,2,8,3,2,1,4,1,7,8,2,6,4,10,8,1,16.07,17.86,17.86,17.86,17.86,12.5,5,8,7.571428571428571,6.857142857142857,7.857142857142857,5,0.14285714285714285
183,0,24,11,2,1,1,1,7,3,6,9,6,8,9,8,8,9,9,9,7,8,8,9,9,10,8,1,20,22.5,17.5,22.5,10,7.5,6.333333333333333,6.777777777777778,6.888888888888889,6.777777777777778,6,5.888888888888889,0.2222222222222222
184,1,34,8,2,1,1,2,4,2,7,5,2,4,8,8,7,8,3,8,8,3,9,8,5,6,2,8,16.67,16.67,16.67,16.67,16.67,16.67,6.333333333333333,7.555555555555555,7.333333333333333,6.666666666666667,7.111111111111111,6.666666666666667,0.8888888888888888
185,1,25,2,4,3,4,1,7,4,6,8,7,8,8,8,9,6,7,8,9,9,9,9,8,9,9,9,16.98,15.09,16.98,16.98,18.87,15.09,4.75,5.75,6.25,5.375,6.5,4.75,0.125
186,1,24,5,4,4,3,1,7,3,2,5,1,4,9,5,3,6,1,1,6,7,4,7,8,8,6,3,19.44,19.44,22.22,16.67,11.11,11.11,5.333333333333333,7.333333333333333,7.666666666666667,6.111111111111111,6.555555555555555,5.888888888888889,0.3333333333333333
187,1,26,8,2,10,5,2,4,1,7,3,5,10,5,10,10,1,2,1,10,5,8,8,10,10,1,1,16.98,16.98,18.87,16.98,13.21,16.98,4.875,5.875,6,5.75,5.75,6.125,0.125
188,1,21,5,2,1,1,2,3,1,2,2,1,5,10,8,8,5,7,5,7,3,5,5,5,7,7,3,15.56,11.11,22.22,15.56,20,15.56,4.333333333333333,6.333333333333333,6.444444444444445,6.222222222222222,6.444444444444445,5.333333333333333,0.2222222222222222
189,1,27,1,6,6,1,1,6,2,9,8,7,8,5,7,7,7,7,7,9,5,7,9,7,8,4,7,16.98,16.98,16.98,16.98,16.98,15.09,5.222222222222222,7.222222222222222,7,5.888888888888889,6.444444444444445,5.777777777777778,0.3333333333333333
190,1,25,13,2,1,1,2,7,3,9,7,7,8,3,2,2,6,5,9,8,2,4,7,9,10,3,1,15.56,20,20,20,13.33,11.11,6.666666666666667,6.666666666666667,6.888888888888889,8,6.888888888888889,5.777777777777778,0.5555555555555556
191,1,28,8,2,6,1,5,4,2,7,8,1,7,8,6,6,6,1,8,7,3,4,8,4,7,1,7,20.45,20.45,20.45,18.18,18.18,2.27,6.333333333333333,7.222222222222222,7.222222222222222,7.222222222222222,7.555555555555555,6.444444444444445,0.7777777777777778
192,1,24,8,2,2,7,1,6,2,7,7,5,7,7,3,2,6,8,7,9,6,3,6,7,8,4,5,19.57,19.57,15.22,17.39,15.22,13.04,6.555555555555555,6.555555555555555,7.222222222222222,7.777777777777778,7.111111111111111,7.444444444444445,0.6666666666666666
193,1,25,1,4,2,2,1,6,2,1,8,10,7,9,9,8,1,1,4,10,10,10,10,9,9,9,5,20.93,16.28,23.26,16.28,11.63,11.63,6,7.111111111111111,7.444444444444445,7.111111111111111,7.333333333333333,6.444444444444445,0.4444444444444444
194,0,24,3,2,9,9,3,3,2,3,8,6,6,9,6,6,4,8,7,9,9,6,9,5,7,9,4,16,16,20,16,18,14,4.555555555555555,5.722222222222222,5.833333333333333,4.944444444444445,5.333333333333333,4.166666666666667,0.1111111111111111
195,0,27,10,2,3,9,1,2,1,2,7,6,9,8,5,5,9,9,8,10,1,3,4,3,6,5,1,15.38,19.23,19.23,19.23,13.46,13.46,6.684210526315789,7,7.526315789473684,7.2105263157894735,5.842105263157895,5.842105263157895,0.7894736842105263
196,0,25,7,4,1,6,1,1,1,2,3,3,6,7,7,7,8,6,8,6,8,9,9,9,9,7,9,17.65,17.65,17.65,15.69,15.69,15.69,6.315789473684211,6.894736842105263,6.631578947368421,4.631578947368421,5.157894736842105,4.473684210526316,0.3684210526315789
197,0,24,13,6,2,1,1,4,3,7,6,1,4,10,8,8,4,7,5,9,6,5,10,8,10,7,3,14,18,20,18,16,14,6.7894736842105265,6.894736842105263,7.2631578947368425,6.368421052631579,6.421052631578948,5.894736842105263,0.7894736842105263
198,0,23,13,4,8,5,2,2,3,7,6,8,6,9,8,8,9,5,7,4,9,9,9,9,9,10,4,15.38,19.23,17.31,19.23,9.62,19.23,4.526315789473684,6.526315789473684,6.2631578947368425,4.315789473684211,5.473684210526316,3.8947368421052633,0.15789473684210525
199,0,30,7,2,2,1,4,5,3,2,8,3,10,10,10,10,1,1,7,10,4,7,8,3,5,7,1,17.5,17.5,20,12.5,20,12.5,7.2105263157894735,5.7894736842105265,6.7368421052631575,5.894736842105263,6.052631578947368,5.578947368421052,0.7368421052631579
200,0,25,8,2,1,1,1,7,2,9,10,3,9,8,7,7,10,3,6,8,1,8,8,9,10,3,4,13.21,18.87,18.87,16.98,16.98,15.09,7.5,6.944444444444445,7.055555555555555,6.722222222222222,7,6.166666666666667,0.8333333333333334
201,0,25,8,2,8,8,1,4,2,7,8,8,8,8,7,7,7,8,7,7,7,7,7,7,7,7,6,15.38,17.31,17.31,17.31,17.31,15.38,6.578947368421052,7.2631578947368425,7.315789473684211,6.368421052631579,6.368421052631579,5.631578947368421,0.3157894736842105
202,0,22,2,2,8,5,2,6,2,2,8,8,9,7,6,4,4,1,6,8,7,7,9,6,7,7,1,15.38,19.23,19.23,19.23,15.38,11.54,5.684210526315789,6.894736842105263,7.631578947368421,5.947368421052632,6.368421052631579,4.947368421052632,0.5263157894736842
203,0,22,2,2,4,10,6,6,2,2,3,1,8,6,4,2,2,1,6,7,10,6,8,3,7,9,2,16,20,18,20,18,8,6.894736842105263,7.368421052631579,8,6.315789473684211,6.157894736842105,5.7894736842105265,0.7368421052631579
204,0,26,8,2,8,6,3,5,1,7,10,5,9,9,10,10,3,1,9,8,4,5,5,3,8,10,7,19.61,15.69,17.65,15.69,17.65,13.73,5.684210526315789,6,6.421052631578948,6.315789473684211,6.842105263157895,4.842105263157895,0.3684210526315789
205,0,23,10,2,5,5,1,7,1,2,8,2,6,8,6,6,7,2,6,9,3,3,8,5,6,3,5,15.38,17.31,19.23,19.23,11.54,17.31,6.2105263157894735,6.526315789473684,6.894736842105263,5.7368421052631575,5.894736842105263,5,0.631578947368421
206,0,31,8,1,2,2,1,5,1,9,5,5,5,9,7,7,7,7,9,9,5,7,7,7,9,5,7,14.58,16.67,20.83,18.75,16.67,12.5,5.894736842105263,7.578947368421052,7.684210526315789,6.473684210526316,6.684210526315789,5.7894736842105265,0.42105263157894735
207,0,23,10,2,9,5,1,3,1,1,10,8,8,7,5,5,2,3,4,3,7,7,6,5,7,9,6,17.31,13.46,17.31,19.23,19.23,13.46,8.421052631578947,6.578947368421052,6.7368421052631575,8.157894736842104,6.7894736842105265,6.052631578947368,0.9473684210526315
208,0,25,10,1,2,1,2,4,3,7,9,7,7,9,10,10,10,5,8,8,5,7,9,10,10,9,8,11.54,13.46,19.23,19.23,19.23,17.31,7.7368421052631575,7.631578947368421,7.315789473684211,7.842105263157895,7,6.052631578947368,1
209,0,28,13,1,7,3,3,6,2,7,3,2,6,8,5,5,6,8,8,3,6,7,8,7,10,3,3,13.04,21.74,17.39,17.39,15.22,15.22,5.368421052631579,7.2631578947368425,6.7894736842105265,6.105263157894737,6.2631578947368425,4.842105263157895,0.21052631578947367
210,0,29,10,2,10,4,2,6,3,2,9,3,9,8,9,9,9,1,2,9,5,7,7,7,7,5,1,20,15.56,20,15.56,11.11,17.78,6,7.157894736842105,7.421052631578948,6.368421052631579,6.157894736842105,5.894736842105263,0.631578947368421
211,0,28,13,2,9,1,2,4,1,9,9,8,9,10,9,9,5,8,1,9,9,10,10,9,7,10,7,16.36,16.36,18.18,18.18,16.36,14.55,7.105263157894737,6.473684210526316,6.894736842105263,5.7368421052631575,6.526315789473684,5.7368421052631575,0.6842105263157895
212,0,27,8,3,3,6,1,5,2,7,8,5,8,8,8,8,8,6,9,8,8,8,8,6,7,8,3,14.29,18.37,18.37,16.33,18.37,14.29,6.894736842105263,7.473684210526316,7.421052631578948,7.315789473684211,6.578947368421052,6.315789473684211,0.7368421052631579
213,0,25,13,3,9,10,2,4,2,7,8,7,9,8,8,7,6,7,7,8,7,10,10,8,9,8,5,15.52,17.24,17.24,17.24,17.24,15.52,7.052631578947368,7.2631578947368425,7.052631578947368,6.894736842105263,6.684210526315789,6.473684210526316,0.7368421052631579
214,1,23,10,2,6,8,1,6,2,2,9,3,10,8,6,7,7,4,7,3,1,9,6,4,6,7,1,17.02,21.28,17.02,21.28,14.89,8.51,5.625,7.25,7.8125,6.8125,7.3125,5.0625,0.125
215,1,26,8,4,3,1,1,4,1,7,8,6,9,9,6,4,2,7,6,9,5,2,9,2,7,9,2,14.89,19.15,21.28,19.15,14.89,10.64,6.888888888888889,7.5,8,7.611111111111111,8.333333333333334,6.722222222222222,0.4444444444444444
216,1,27,8,2,7,1,2,5,3,7,2,1,2,7,7,5,3,5,1,13,6,6,7,6,5,2,1,7.5,17.5,20,22.5,12.5,20,3.6875,6.6875,7.125,6.0625,7,5,0.0625
217,1,26,10,2,8,1,5,4,2,2,1,2,8,7,8,8,10,1,2,10,4,8,6,10,10,1,7,21.28,17.02,21.28,12.77,6.38,21.28,7.875,7.75,9.0625,7.125,8.75,6.625,0.6875
218,1,24,10,2,9,5,1,4,2,2,9,3,5,7,9,10,7,3,7,5,1,5,7,8,8,6,1,20.51,5.13,23.08,12.82,17.95,20.51,5.714285714285714,7.785714285714286,8.428571428571429,5.714285714285714,8.071428571428571,5.142857142857143,0.21428571428571427
219,1,26,8,2,1,1,1,3,2,7,8,2,7,7,7,8,3,3,6,7,2,6,7,7,10,3,10,16.28,16.28,18.6,16.28,16.28,16.28,7.428571428571429,8.071428571428571,8.214285714285714,7.785714285714286,7.785714285714286,7,0.5
220,1,25,13,6,1,1,1,5,2,6,9,9,5,10,9,10,10,6,8,10,2,5,5,5,9,5,5,16.67,16.67,16.67,16.67,14.81,18.52,5.3125,8.25,8.6875,7.25,8,6.4375,0.1875
221,1,27,8,4,6,1,2,6,3,7,5,6,3,7,6,3,4,3,7,8,7,8,8,4,4,4,1,15.56,17.78,17.78,17.78,17.78,13.33,6.285714285714286,7.928571428571429,8.571428571428571,6.5,7.785714285714286,5.928571428571429,0.35714285714285715
222,1,27,2,2,8,3,2,6,3,2,5,1,6,8,10,9,6,4,7,9,1,9,9,10,8,3,1,9.52,19.05,23.81,19.05,4.76,23.81,3.375,7.375,8.0625,4.5625,5.625,4.0625,0.0625
223,1,28,7,2,6,6,2,4,2,2,8,7,6,6,8,7,6,7,8,9,6,5,10,6,7,5,2,17.39,17.39,19.57,19.57,10.87,15.22,5.642857142857143,7.642857142857143,7.714285714285714,5.714285714285714,7,5.928571428571429,0.07142857142857142
224,1,32,3,2,1,3,6,7,4,15,6,4,4,7,5,5,5,6,8,10,1,8,9,2,4,1,8,17.24,17.24,17.24,17.24,13.79,17.24,6.285714285714286,8.214285714285714,8.428571428571429,6.5,7.5,6,0.35714285714285715
225,1,28,8,3,4,9,1,7,2,7,10,8,3,8,8,8,7,3,9,8,8,9,7,9,9,2,6,14.71,14.71,14.71,14.71,20.59,20.59,6.0625,7.6875,7.8125,7.1875,7.5,5.5,0.25
226,1,23,8,2,1,3,2,3,1,6,10,7,8,6,7,7,3,2,8,4,5,6,7,4,9,2,4,25.64,17.95,15.38,20.51,10.26,10.26,8.625,7.6875,7.875,7.8125,8.0625,6.1875,0.6875
227,1,26,8,2,7,7,2,6,3,7,7,7,7,10,9,7,2,6,5,10,8,8,9,5,7,5,1,20,16,18,16,16,14,6.9411764705882355,7.235294117647059,7.176470588235294,6.882352941176471,7.470588235294118,5.470588235294118,0.4117647058823529
228,1,24,10,4,1,4,3,7,3,2,3,1,2,8,4,5,8,4,6,9,2,4,7,8,9,2,8,13.51,18.92,21.62,13.51,13.51,18.92,5.928571428571429,8.357142857142858,8.642857142857142,5.785714285714286,7.142857142857143,5,0.07142857142857142
229,1,28,10,2,7,1,1,6,3,7,8,5,7,7,1,1,5,3,3,8,5,1,5,2,6,1,1,21.43,16.67,21.43,16.67,11.9,11.9,7.4,7.2,8.466666666666667,7.466666666666667,8.466666666666667,6,0.4
230,1,42,13,2,5,1,2,7,3,7,1,1,2,1,10,10,10,1,1,10,10,10,10,5,10,10,6,23.81,23.81,23.81,23.81,2.38,2.38,5.6875,7.1875,6.875,6.5,7.25,5.625,0.25
231,1,30,13,3,1,1,1,6,3,9,5,2,7,9,9,6,8,1,9,9,1,8,9,9,10,1,7,18.6,20.93,23.26,23.26,2.33,11.63,6.125,7.3125,7.5,7.375,7.625,6.0625,0.3125
232,1,31,13,2,4,7,2,5,4,9,5,5,9,8,7,8,9,3,8,7,4,6,8,7,7,3,5,17.78,17.78,17.78,17.78,13.33,15.56,5.461538461538462,7.846153846153846,7.615384615384615,6,7,5.923076923076923,0.07692307692307693
233,1,29,13,4,1,1,1,3,2,7,10,9,8,10,8,8,7,9,8,5,10,8,10,10,10,8,6,14,20,18,16,14,18,6.071428571428571,7.571428571428571,7.928571428571429,7.285714285714286,7.571428571428571,6.214285714285714,0.35714285714285715
234,0,22,3,6,1,5,3,7,3,2,5,3,10,10,9,5,2,1,4,9,5,6,5,5,9,7,4,20,20,20,10,10,20,5.6,8.2,7.2,7,6.8,4.6,0.4
235,0,23,9,2,3,1,1,4,3,2,1,3,3,10,9,10,2,1,7,7,1,9,9,6,10,10,7,15,15,20,20,20,10,8.166666666666666,8,7,7.666666666666667,5.5,5,0.8333333333333334
236,0,24,10,4,3,3,2,7,1,2,9,6,3,7,9,9,7,1,8,7,5,4,7,4,10,4,2,15,20,15,20,15,15,6.333333333333333,7.166666666666667,7.166666666666667,4.5,5.5,3.6666666666666665,0.16666666666666666
237,0,34,7,2,10,1,3,7,4,6,1,1,10,7,8,9,9,1,1,10,6,8,6,2,9,2,10,10,20,20,20,20,10,5,7.6,7.8,5.8,6,3.8,0.4
238,0,27,15,2,3,5,1,2,1,6,8,5,8,8,10,10,8,2,8,7,5,9,9,10,10,7,6,15,20,20,15,15,15,6.857142857142857,7.857142857142857,7.285714285714286,7,7,6,0.5714285714285714
239,0,34,10,2,6,6,2,6,3,7,3,3,5,8,8,7,8,1,6,9,6,8,8,6,7,1,8,10,25,20,20,5,20,5.666666666666667,7.666666666666667,7.333333333333333,5.166666666666667,4.833333333333333,4.5,0.3333333333333333
240,0,26,8,4,1,1,1,6,3,6,10,10,9,10,10,8,9,14,9,10,10,10,10,10,10,10,3,10,30,30,10,10,10,6.714285714285714,7,7,8.285714285714286,7,5.285714285714286,0.8571428571428571
241,0,29,8,4,1,1,2,4,2,7,8,1,5,7,7,7,4,1,3,4,1,3,4,6,7,6,3,90,2,2,2,2,2,6.333333333333333,8.166666666666666,7.166666666666667,7.666666666666667,7.166666666666667,6,1
242,0,26,3,3,3,3,3,7,3,2,6,5,5,8,10,10,9,4,9,10,1,9,10,10,10,1,8,20,20,25,20,5,10,8,7.375,7.5,7.125,6,6,0.75
243,1,27,16,2,2,3,2,6,2,2,7,2,7,9,5,8,5,7,3,9,5,5,9,8,8,6,2,20,20,20,25,5,10,5.666666666666667,6.555555555555555,7.444444444444445,5.666666666666667,5.444444444444445,5.222222222222222,0.7777777777777778
244,1,28,8,2,8,9,2,5,3,7,5,2,10,8,6,4,9,1,3,13,9,8,9,3,4,3,1,20,20,20,10,10,20,6.333333333333333,7.222222222222222,7,6.666666666666667,7.777777777777778,6.111111111111111,0.6666666666666666
245,1,32,7,2,1,6,4,5,2,1,3,1,2,6,7,8,4,8,6,9,2,7,8,6,6,1,6,18,10,30,10,10,22,4.625,6.125,8.5,5.5,7,5.625,0.25
246,1,25,10,2,7,1,1,7,6,2,6,5,5,7,5,5,3,2,6,8,8,9,9,8,9,5,2,35,20,10,20,10,5,4.125,7.375,6.25,5.375,5.75,4.375,0
247,1,25,10,4,1,1,1,6,4,2,5,4,7,1,3,2,9,4,2,5,3,3,3,3,3,2,6,20,30,10,15,0,25,4.125,7.75,7.375,5,6,4,0
248,1,27,8,6,1,1,1,4,1,7,7,1,8,7,5,1,8,6,8,6,3,7,7,4,7,6,1,25,15,20,20,15,5,7,6,6.666666666666667,7.666666666666667,7.666666666666667,5.444444444444445,0.7777777777777778
249,1,33,8,6,2,7,2,3,1,7,7,9,1,10,8,6,1,1,6,10,7,3,8,8,5,4,1,22,22,15,15,5,21,4.375,7,7.375,5.5,7.625,4.75,0
250,1,25,6,6,1,1,4,2,1,2,7,2,8,10,10,10,6,1,2,10,1,9,9,10,10,6,5,20,20,20,20,10,10,6.777777777777778,6.666666666666667,8,6.888888888888889,8.444444444444445,7.666666666666667,0.8888888888888888
251,1,33,7,6,2,2,6,4,1,10,7,6,1,6,8,8,5,8,4,9,7,6,9,6,8,2,3,19,19,19,19,19,5,5.142857142857143,6.857142857142857,7.285714285714286,5.857142857142857,5.857142857142857,5.428571428571429,0.14285714285714285
252,0,28,13,3,1,1,1,6,2,2,4,3,3,8,7,6,7,4,9,9,2,9,9,9,9,9,2,0,25,25,25,25,0,6.735294117647059,7.823529411764706,7.235294117647059,7.235294117647059,6.823529411764706,5.764705882352941,0.5882352941176471
253,0,33,3,4,1,1,2,6,6,2,5,3,5,8,10,10,6,1,6,10,7,7,10,7,7,7,3,25,30,10,10,5,20,3.625,6.25,6.75,4.6875,5.9375,4.5,0.3125
254,0,22,7,2,8,3,2,6,2,2,8,2,6,10,9,9,8,1,7,9,8,9,9,7,7,7,8,25,7,25,25,8,10,5.888888888888889,7.277777777777778,7.888888888888889,6.388888888888889,6.666666666666667,5.5,0.5
255,0,26,10,4,3,1,1,7,3,4,6,8,9,6,6,6,4,2,5,6,4,7,7,8,8,9,1,16.67,16.67,16.67,16.67,16.67,16.67,5.555555555555555,6.166666666666667,6,4.888888888888889,5.444444444444445,5.055555555555555,0.3333333333333333
256,0,24,4,4,6,5,2,6,4,4,5,3,6,7,6,5,6,5,5,5,8,6,8,8,8,9,3,15,25,20,20,10,10,6.705882352941177,7.235294117647059,7.588235294117647,6.352941176470588,6.823529411764706,5.882352941176471,0.8235294117647058
257,0,24,9,2,5,6,2,5,1,2,7,1,6,9,10,10,10,3,4,10,2,5,10,10,10,4,10,22,14,30,10,14,10,6.9411764705882355,7.176470588235294,6.764705882352941,6.470588235294118,6.588235294117647,6.0588235294117645,0.5882352941176471
258,0,25,9,6,1,10,1,6,1,2,9,6,7,7,8,3,10,4,1,10,3,8,5,2,6,6,2,7,35,20,20,5,13,6.882352941176471,7.294117647058823,7.117647058823529,6.705882352941177,6.529411764705882,5.470588235294118,0.6470588235294118
259,0,25,10,2,2,2,2,7,1,2,8,3,7,8,7,7,4,2,7,8,6,7,7,5,7,5,6,15,18,19,19,17,12,6.5,6,7.4375,5.6875,6.8125,5.875,0.3125
260,0,27,10,4,4,4,2,7,3,2,9,6,7,9,5,5,6,2,3,9,6,7,7,9,9,5,3,19,20,19,14,13,15,5.444444444444445,6.833333333333333,7.5,5.888888888888889,6.833333333333333,5.666666666666667,0.5
261,0,26,10,4,1,4,1,7,2,2,6,4,3,9,9,8,3,5,8,9,2,9,9,9,9,4,6,15,20,20,20,15,10,5.0588235294117645,6.176470588235294,7.117647058823529,5.411764705882353,5.764705882352941,5.176470588235294,0.35294117647058826
262,0,29,3,2,1,10,6,6,3,10,9,9,8,7,7,3,7,1,3,10,4,1,7,5,8,1,1,10,40,20,20,0,10,5.333333333333333,7.5,7.666666666666667,5.888888888888889,6.055555555555555,5.333333333333333,0.5
263,0,26,3,1,9,10,1,6,2,10,1,1,1,5,7,7,7,1,3,9,4,7,7,7,8,9,6,20,20,20,10,20,10,5.944444444444445,7.111111111111111,7.555555555555555,7.277777777777778,6.444444444444445,5.944444444444445,0.7777777777777778
264,0,26,6,2,1,3,1,6,2,2,7,1,7,5,7,8,6,1,5,9,7,4,8,2,6,2,1,15,15,25,20,5,20,6,7,7.111111111111111,6.388888888888889,6.277777777777778,5.777777777777778,0.7222222222222222
265,0,32,1,2,3,3,4,5,2,2,2,9,8,8,7,8,2,1,2,10,6,7,10,8,9,2,1,15,5,45,10,15,10,4.947368421052632,6.526315789473684,6.842105263157895,3.8947368421052633,5.578947368421052,4.473684210526316,0.3157894736842105
266,0,28,16,2,2,2,2,7,3,10,5,4,5,4,7,8,8,1,6,5,1,4,10,6,7,2,6,25,20,20,25,0,10,7.5,7.970588235294118,7.852941176470588,7.088235294117647,6.264705882352941,6.147058823529412,0.8823529411764706
267,0,26,10,4,2,2,1,3,3,4,4,8,5,9,7,6,4,7,8,3,9,5,9,4,9,10,2,20,30,10,15,10,15,5.625,6.375,5.75,5.3125,5.25,4.75,0.25
268,0,24,4,3,1,1,5,6,1,4,8,6,6,5,4,3,6,5,5,8,4,5,5,4,4,4,4,30,20,20,10,15,5,8.558823529411764,8.441176470588236,8.323529411764707,7.617647058823529,7.794117647058823,7.264705882352941,0.9411764705882353
269,0,24,7,2,4,5,2,6,2,2,4,1,8,8,8,10,7,3,1,10,3,6,6,6,9,4,2,20,10,30,15,15,10,7.647058823529412,7.823529411764706,8.117647058823529,7.117647058823529,7.0588235294117645,6.529411764705882,0.8823529411764706
270,0,23,10,4,2,4,2,5,1,2,8,4,6,9,8,7,8,4,6,9,2,7,5,6,7,6,4,16,16,19,17,14,18,6.055555555555555,7.055555555555555,7.555555555555555,6.111111111111111,6.388888888888889,5.722222222222222,0.5555555555555556
271,0,23,11,2,10,9,2,4,1,11,8,7,10,9,10,10,5,5,6,7,7,9,9,9,8,9,5,10,15,40,15,10,10,6.555555555555555,6.111111111111111,6.055555555555555,6.111111111111111,5.722222222222222,5.166666666666667,0.5
272,0,25,11,2,10,10,2,4,1,11,6,7,10,10,9,8,7,6,8,9,9,9,9,9,10,9,8,25,20,25,25,5,0,7.705882352941177,7,6.411764705882353,6.705882352941177,6.470588235294118,5.588235294117647,0.5294117647058824
273,1,29,10,2,8,4,2,5,2,2,6,1,5,7,7,4,8,1,3,2,5,7,8,8,8,3,2,30,25,18,18,4,5,5.7,6.65,7.4,5.45,6.35,4.9,0.3
274,1,24,3,3,3,3,3,4,2,2,3,3,4,7,6,5,4,5,1,10,7,6,8,9,10,8,7,30,10,20,20,10,10,5.473684210526316,6.157894736842105,6.315789473684211,5.947368421052632,6.105263157894737,4.894736842105263,0.3157894736842105
275,1,21,5,2,1,1,2,4,3,7,9,1,10,6,7,7,4,6,5,10,1,9,7,7,9,5,9,25,10,25,5,10,25,6.2631578947368425,6.7894736842105265,7.421052631578948,5.315789473684211,6.684210526315789,4.947368421052632,0.05263157894736842
276,1,26,10,2,7,3,2,4,1,2,6,2,8,9,8,9,2,3,6,9,1,4,7,6,7,2,2,24,16,28,14,8,10,5.809523809523809,6.476190476190476,7.428571428571429,6.238095238095238,6.142857142857143,5.285714285714286,0.3333333333333333
277,1,25,10,2,1,1,1,7,5,2,10,6,10,5,8,8,10,5,3,8,2,7,8,6,6,1,2,60,20,0,20,0,0,6.631578947368421,6.2105263157894735,7.157894736842105,6.473684210526316,6.631578947368421,5.526315789473684,0.5789473684210527
278,1,32,5,2,1,1,1,3,1,2,8,1,5,9,9,9,9,5,8,9,5,7,9,9,9,5,1,25,15,20,25,10,5,4.444444444444445,6.055555555555555,6.888888888888889,5.166666666666667,6.333333333333333,4,0
279,1,25,10,2,7,1,3,4,2,2,7,1,6,5,2,3,5,3,4,9,6,3,8,1,2,1,1,27,15,28,10,10,10,6.925,6.35,7.35,6.3,6.85,5.35,0.6
280,1,25,10,2,2,1,3,6,2,2,8,1,5,5,6,5,5,4,2,10,2,7,10,7,8,2,2,25,20,30,15,5,5,4.947368421052632,7.105263157894737,7.947368421052632,5.473684210526316,6.105263157894737,5.105263157894737,0.2631578947368421
281,1,27,3,2,2,5,6,5,5,2,4,4,2,4,7,5,8,1,2,6,2,6,8,7,5,3,9,20,20,20,15,5,20,5.6,5.85,7.55,4.7,5.95,5.25,0.2
282,1,23,5,1,1,1,1,4,3,7,10,10,10,5,4,4,4,7,8,9,5,7,7,7,10,5,1,25,15,20,20,10,10,6.555555555555555,7,6.833333333333333,7.222222222222222,6.444444444444445,5.333333333333333,0.3888888888888889
283,1,27,5,4,1,1,1,4,2,7,9,6,6,6,4,4,8,6,6,8,1,5,3,3,7,2,7,50,10,10,10,10,10,5.333333333333333,7.222222222222222,7.222222222222222,5.5,6.277777777777778,4.444444444444445,0.16666666666666666
284,1,27,8,2,1,5,1,5,2,6,9,2,5,7,7,9,8,1,5,9,5,5,9,8,9,8,5,25,20,25,20,10,0,5.631578947368421,6.631578947368421,6.947368421052632,5.842105263157895,6,4.684210526315789,0.3157894736842105
285,1,24,5,6,1,1,4,6,6,7,5,7,6,10,9,10,9,14,5,9,7,3,10,10,10,10,10,20,20,25,25,5,5,4.571428571428571,6.714285714285714,7,4.619047619047619,6.142857142857143,4.476190476190476,0.09523809523809523
286,1,22,2,2,4,7,1,6,3,2,7,3,4,3,8,7,9,9,4,8,6,8,7,8,6,3,8,10,15,25,15,15,20,4.85,6.6,7,5.15,6.1,4.3,0
287,1,22,13,4,1,1,1,7,3,6,2,1,5,7,2,2,9,6,4,10,8,8,10,8,8,8,8,35,40,5,5,7,8,4.368421052631579,4.947368421052632,6.105263157894737,4.2631578947368425,6.052631578947368,4.052631578947368,0
288,1,27,3,2,3,5,1,6,3,2,9,5,3,8,5,5,6,4,4,9,2,6,7,5,7,2,2,20,20,15,25,10,10,5.833333333333333,6.666666666666667,7,6,6.611111111111111,5.277777777777778,0.3888888888888889
289,1,28,8,4,1,2,1,4,1,7,10,6,1,7,3,6,10,5,3,10,6,5,7,6,8,2,1,20,30,10,20,0,20,5.833333333333333,7,7.055555555555555,7.166666666666667,6.611111111111111,4.944444444444445,0.5
290,1,34,10,2,2,6,2,5,2,2,7,1,8,7,7,4,3,2,1,10,1,3,5,9,10,2,5,30,10,30,10,5,15,6.7,6.3,7.45,5.35,6.35,4.9,0.35
291,1,27,10,4,5,5,1,3,2,4,9,7,7,7,7,7,5,6,5,7,5,6,7,5,8,5,5,20,20,15,15,12,18,5.095238095238095,7.095238095238095,8.142857142857142,6.095238095238095,7.857142857142857,5.238095238095238,0.23809523809523808
292,1,28,13,1,7,1,1,2,1,7,10,5,8,8,7,5,10,7,9,7,4,7,9,5,10,1,1,20,18,20,17,10,15,7.2105263157894735,6.7368421052631575,7.2631578947368425,6.421052631578948,6.894736842105263,4.842105263157895,0.3157894736842105
293,1,28,8,3,3,7,2,5,2,7,6,9,7,10,8,7,6,6,8,9,6,9,9,8,8,6,4,23,18,21,18,10,10,5.619047619047619,6.571428571428571,6.761904761904762,5.380952380952381,6.904761904761905,4.333333333333333,0.2857142857142857
294,0,30,9,4,1,1,1,6,2,2,7,8,4,9,10,10,1,1,7,10,3,10,9,7,8,8,5,20,20,35,5,10,10,7.5,7.416666666666667,8,6.833333333333333,6.5,6.5,0.6666666666666666
295,0,30,9,2,5,7,2,6,1,2,7,8,8,5,7,5,3,1,2,10,7,10,10,8,8,5,8,10,18,20,16,16,20,5.363636363636363,6.636363636363637,6.545454545454546,5.454545454545454,5.545454545454546,4.818181818181818,0.18181818181818182
296,0,28,9,2,10,10,1,4,2,2,4,5,2,8,8,7,6,5,9,9,9,8,7,8,10,9,7,15,20,35,15,5,10,5.230769230769231,7.384615384615385,7.769230769230769,6,7.076923076923077,5.3076923076923075,0.38461538461538464
297,0,21,9,2,9,8,2,2,1,2,5,2,8,8,10,10,3,3,5,10,8,10,10,8,8,8,6,25,25,15,15,10,10,7.083333333333333,6.916666666666667,6.416666666666667,6.583333333333333,6.083333333333333,5.5,0.6666666666666666
298,0,22,6,2,7,1,2,6,2,2,3,1,3,5,10,10,3,1,4,10,5,10,10,10,10,9,7,10,30,20,10,15,15,5.769230769230769,7,7.076923076923077,6,5.615384615384615,4.538461538461538,0.23076923076923078
299,0,24,11,4,1,1,2,6,2,2,7,1,7,8,9,8,9,4,9,9,6,7,9,7,9,5,4,10,40,10,20,10,10,5.666666666666667,7.333333333333333,7.25,6.666666666666667,6,5.083333333333333,0.4166666666666667
300,0,35,3,2,1,1,2,6,2,2,8,2,8,9,10,10,7,2,5,8,2,10,8,8,10,4,2,15,20,25,15,15,10,5.181818181818182,6.818181818181818,7.2727272727272725,5.545454545454546,5.909090909090909,5.2727272727272725,0.2727272727272727
301,0,34,9,2,3,8,2,4,1,2,5,3,9,10,7,8,5,1,5,9,5,9,10,9,9,5,9,20,20,20,20,10,10,6.076923076923077,7.461538461538462,8,6.846153846153846,6.846153846153846,5.615384615384615,0.3076923076923077
302,0,21,3,2,8,7,2,3,1,12,10,10,9,7,5,6,6,6,8,5,7,7,7,9,9,6,6,50,5,20,10,5,10,5.076923076923077,5.461538461538462,5.6923076923076925,6,5.923076923076923,5.076923076923077,0
303,0,33,9,2,2,1,4,5,1,2,7,1,9,9,9,7,7,1,1,10,2,9,9,8,9,5,1,20,25,25,10,15,5,7,6.916666666666667,7.5,6.833333333333333,6.083333333333333,6.333333333333333,0.5833333333333334
304,0,28,3,2,1,10,1,7,2,12,10,1,8,7,7,8,2,1,4,8,1,8,9,7,7,8,9,5,20,25,25,15,10,6.538461538461538,7.384615384615385,6.615384615384615,7.3076923076923075,6.076923076923077,5.153846153846154,0.3076923076923077
305,0,29,9,4,6,9,1,4,1,2,8,2,7,10,7,7,8,2,7,8,7,8,9,7,7,9,8,10,47,16,12,3,12,6.461538461538462,7.615384615384615,7.076923076923077,6,6,5,0.23076923076923078
306,0,22,9,4,6,2,1,6,3,2,6,6,9,8,5,5,7,4,5,6,9,9,9,5,5,9,5,16,20,19,16,18,11,6.75,7.416666666666667,6.75,6.083333333333333,5.5,4.416666666666667,0.16666666666666666
307,0,27,9,4,1,3,5,7,2,2,10,8,10,9,8,9,10,1,5,10,7,10,10,8,10,9,3,10,20,20,15,20,15,7.083333333333333,7.75,7.666666666666667,7.166666666666667,6.333333333333333,5.916666666666667,0.6666666666666666
308,1,27,9,4,7,3,1,7,2,2,7,7,7,8,8,8,8,7,3,7,9,8,9,7,8,7,7,17,19,18,17,11,18,5.166666666666667,7.833333333333333,8.25,5.833333333333333,7.666666666666667,5.333333333333333,0.08333333333333333
309,1,32,9,2,5,9,3,3,2,2,6,4,4,9,8,10,8,5,7,9,6,8,9,8,10,4,4,20,20,20,20,10,10,6.916666666666667,8.25,8.416666666666666,7.333333333333333,6.916666666666667,6.333333333333333,0.5
310,1,25,5,2,7,8,1,3,1,10,2,2,3,7,6,6,3,8,5,9,8,7,9,5,6,5,3,24,15,20,20,8,13,6.333333333333333,6.75,7.333333333333333,4.916666666666667,6.083333333333333,3.8333333333333335,0.16666666666666666
311,1,29,8,4,1,1,2,6,1,7,10,8,9,10,7,6,8,9,1,7,4,6,8,10,10,9,8,50,20,10,10,5,5,7.458333333333333,7.916666666666667,7.916666666666667,7.083333333333333,7.5,6.375,0.5
312,1,23,15,2,3,1,2,4,2,6,7,7,5,7,9,8,10,5,3,8,5,6,9,7,8,2,1,25,5,30,15,5,20,6.785714285714286,7.857142857142857,7.892857142857143,6.928571428571429,7.357142857142857,7.214285714285714,0.5
313,1,27,8,2,2,3,1,4,1,6,9,8,6,8,6,3,6,1,9,6,3,2,7,8,10,5,1,19,13,18,18,10,22,7.083333333333333,8.166666666666666,8.25,7.666666666666667,7.166666666666667,7.083333333333333,0.6666666666666666
314,1,32,13,6,3,1,2,6,2,2,9,2,7,8,6,4,2,2,2,6,7,3,7,6,8,8,8,20,10,30,20,10,10,5.538461538461538,7.6923076923076925,8.23076923076923,5.923076923076923,7.769230769230769,5.3076923076923075,0.07692307692307693
315,1,27,5,2,1,4,3,5,3,2,8,2,2,8,8,8,8,2,8,7,1,8,9,7,7,2,2,6.67,19.05,42.86,9.52,14.29,7.62,6.291666666666667,7.583333333333333,8.333333333333334,6.333333333333333,7.333333333333333,5.625,0.3333333333333333
316,1,25,8,2,3,3,2,4,1,7,9,3,5,7,6,6,6,4,6,9,5,4,4,7,9,4,1,25,20,15,25,10,5,7.818181818181818,7.818181818181818,8.272727272727273,8.181818181818182,8.545454545454545,7,0.6363636363636364
317,1,30,8,2,1,1,1,4,1,7,8,1,5,10,6,10,4,3,8,4,1,10,10,8,9,1,1,50,0,20,20,0,10,8,7.666666666666667,7.916666666666667,8.583333333333334,7.416666666666667,6.583333333333333,0.6666666666666666
318,1,29,8,6,1,1,2,6,1,7,8,4,8,6,4,5,7,7,7,7,6,7,8,5,8,7,6,40,30,10,8,2,10,4.923076923076923,7.538461538461538,7.769230769230769,6,7.538461538461538,5.769230769230769,0.07692307692307693
319,1,26,9,2,2,4,6,7,2,2,8,7,5,7,5,4,8,7,1,5,7,2,2,10,9,2,3,20,25,20,10,5,20,4.666666666666667,7.5,7.5,6.583333333333333,6.833333333333333,6.166666666666667,0.25
320,1,36,7,2,6,8,4,5,5,2,4,1,9,9,8,4,6,3,1,10,1,5,7,2,5,2,1,20,16,16,16,16,16,5.5,6.75,7.583333333333333,5.666666666666667,7,5.666666666666667,0
321,1,29,8,2,3,3,1,5,1,7,7,4,4,8,5,5,4,2,7,5,2,6,8,6,7,2,1,30,15,15,20,10,10,5.916666666666667,6.583333333333333,7.5,5.916666666666667,6.916666666666667,4.666666666666667,0.3333333333333333
322,0,34,3,4,2,1,2,2,2,2,8,7,7,6,6,6,9,3,6,7,2,8,8,8,8,3,1,2,60,15,8,5,10,6.625,7.125,7.25,6.625,6.75,5.125,0.25
323,0,25,5,4,1,1,2,4,3,2,5,7,7,7,8,7,7,6,6,7,8,9,9,8,8,8,6,10,20,20,20,10,20,7.777777777777778,7.888888888888889,7.333333333333333,5.777777777777778,6.555555555555555,5.666666666666667,0.5555555555555556
324,0,23,3,2,8,3,1,4,2,3,8,8,6,10,8,8,9,6,9,7,8,10,8,10,10,7,7,40,10,15,20,10,5,7.25,7.375,7,7.75,6.75,7,0.375
325,0,30,3,3,2,4,2,6,2,3,5,7,9,9,9,9,7,7,7,9,7,9,9,9,9,4,6,10,20,20,10,10,30,6.5,7.75,7.625,8.25,7,6.75,0.375
326,0,36,9,1,5,5,2,6,4,2,2,2,3,8,8,8,2,2,6,9,6,10,8,10,10,10,8,15,15,15,20,20,15,4.888888888888889,8.222222222222221,7.111111111111111,6.666666666666667,6.555555555555555,5.777777777777778,0.2222222222222222
327,0,29,13,2,2,7,2,6,3,7,1,1,5,10,8,7,7,1,6,10,1,9,8,9,9,1,5,15,10,20,20,20,15,8.333333333333334,7.555555555555555,7.888888888888889,8.11111111111111,7.444444444444445,7.111111111111111,0.8888888888888888
328,0,30,9,2,1,1,2,3,1,2,8,3,10,10,10,10,10,1,5,10,7,10,10,10,10,5,10,22,12,30,25,10,1,7.333333333333333,7.777777777777778,7.555555555555555,7,6.888888888888889,6.222222222222222,0.5555555555555556
329,0,29,9,2,1,1,6,6,2,2,3,2,7,7,10,10,3,1,4,10,2,10,7,6,8,2,1,15,22,22,16,15,10,5,6.875,7,4.75,5.875,4.875,0.375
330,0,22,5,4,3,3,1,7,3,10,8,7,7,8,5,5,2,2,9,5,7,2,8,4,9,5,2,15,25,15,20,10,15,7.555555555555555,7.222222222222222,7.888888888888889,7.444444444444445,7.333333333333333,6.111111111111111,0.5555555555555556
331,0,34,9,2,1,1,1,6,3,2,4,7,4,6,7,7,10,2,1,9,3,7,7,9,9,4,10,15,15,10,25,10,25,4.625,6.875,6.25,4.875,6,4.875,0.125
332,1,30,3,4,1,1,3,7,4,2,7,2,8,5,10,10,7,3,7,9,5,8,10,5,9,7,1,60,10,10,10,5,5,4.285714285714286,8.428571428571429,8.285714285714286,6.857142857142857,6.571428571428571,3.5714285714285716,0.42857142857142855
333,1,23,8,2,5,3,1,3,1,7,10,5,10,7,3,1,10,5,3,8,2,4,8,2,4,3,6,50,5,15,20,10,0,7.333333333333333,7.5,7.333333333333333,7.333333333333333,6.166666666666667,5.5,1
334,1,29,8,4,1,1,1,5,3,4,9,4,9,9,8,8,5,6,8,5,5,6,6,3,5,8,5,40,10,15,10,10,15,7.125,7.375,7.625,7.875,6.625,5.625,0.625
335,1,24,3,2,1,8,1,3,3,2,9,1,9,4,7,7,4,1,4,8,6,5,4,3,8,5,7,20,10,20,20,15,15,6.375,7.75,8.5,6.25,8.125,5.625,0.75
336,1,25,17,3,1,5,1,5,2,17,5,4,4,5,8,10,4,1,1,9,4,6,10,10,10,3,4,20,15,30,10,15,10,5.75,7.5,7.625,6.875,6.5,4.75,0.375
337,1,28,5,2,1,1,1,5,3,5,9,9,8,8,8,7,5,4,6,7,5,7,8,7,6,4,4,17,17,17,17,16,16,5.666666666666667,8.333333333333334,8,6.888888888888889,6.666666666666667,5.222222222222222,0.3333333333333333
338,1,27,5,6,1,1,1,4,2,7,4,2,7,6,8,8,8,6,6,8,4,10,10,7,7,5,10,10,20,25,20,20,5,4.5,7.25,7.625,5.25,7.375,3.5,0.25
341,0,23,13,4,3,10,1,6,1,10,1,2,1,10,9,9,8,1,6,10,10,10,10,10,10,9,10,20,20,20,20,20,0,7.0625,7.625,7.4375,7.1875,6.5625,5.9375,0.4375
342,0,33,9,3,2,1,1,6,3,2,3,4,4,10,9,10,1,1,8,7,10,8,10,1,4,10,4,40,15,25,5,15,0,5.866666666666666,6.733333333333333,6.733333333333333,6.2,6.533333333333333,5.333333333333333,0.2
343,0,32,10,2,5,6,3,2,1,4,6,3,3,10,10,10,8,2,3,5,4,8,9,9,9,9,7,5,25,20,10,15,25,5.266666666666667,7.666666666666667,7.733333333333333,5.866666666666666,7.333333333333333,5.6,0.2
344,0,26,13,3,1,3,3,4,3,9,9,7,5,6,7,6,4,3,9,4,4,9,9,9,9,9,5,15,15,15,20,20,15,6.888888888888889,7.277777777777778,7.555555555555555,7.166666666666667,7.444444444444445,6.722222222222222,0.3888888888888889
345,0,24,10,2,7,6,2,7,4,4,5,1,10,6,5,5,3,4,8,9,6,7,7,8,9,6,9,10,20,27,23,15,5,6,7.625,7.5625,7,6.625,5.6875,0.375
347,0,26,9,1,1,1,5,6,1,13,1,1,2,10,3,3,1,1,8,2,5,3,8,1,7,10,1,30,5,10,20,30,5,3.2,6.466666666666667,5.866666666666666,4.2,4.6,2.6666666666666665,0
348,0,21,9,4,3,3,2,6,1,2,3,5,1,10,10,10,2,1,9,10,7,10,7,7,7,10,5,15,25,15,15,15,15,4.705882352941177,7.470588235294118,7.176470588235294,6.588235294117647,6.294117647058823,5.117647058823529,0.058823529411764705
349,0,33,3,2,1,7,1,4,2,7,2,3,10,8,7,8,7,1,6,7,4,8,8,8,9,6,7,25,20,10,20,20,5,8.125,8.0625,7.4375,7.625,7.3125,6.4375,0.6875
350,0,31,10,2,9,5,2,7,3,4,9,2,10,9,8,8,8,7,7,9,9,9,9,9,9,5,7,12,25,25,8,15,15,7.666666666666667,7.777777777777778,7.611111111111111,7.277777777777778,7.111111111111111,6.388888888888889,0.7222222222222222
351,0,35,9,4,1,3,2,5,4,2,5,2,5,10,10,10,7,2,3,10,3,10,10,10,10,5,5,15,15,30,15,15,10,6.882352941176471,7.411764705882353,7.0588235294117645,5.529411764705882,6.117647058823529,4.9411764705882355,0.35294117647058826
352,0,29,9,6,6,6,2,4,3,6,8,5,10,10,10,10,8,4,5,5,8,9,9,10,10,7,7,20,20,20,10,10,20,5.888888888888889,7.944444444444445,7,5.277777777777778,5.5,4.611111111111111,0.2222222222222222
353,0,25,9,4,7,7,1,2,1,2,3,4,5,8,9,9,8,8,5,6,4,9,9,8,9,8,5,15,10,25,25,10,15,4.9375,7.8125,6.75,4.8125,5.3125,3.5625,0.0625
354,0,22,3,2,9,8,1,6,1,3,10,10,10,10,8,8,1,1,1,8,10,10,10,10,10,10,6,20,10,20,20,20,10,6.833333333333333,7.166666666666667,7,7.833333333333333,7.166666666666667,7.333333333333333,0.5
355,0,24,3,2,10,2,1,4,3,3,9,1,7,8,7,7,7,1,9,9,2,9,9,9,9,9,2,50,20,10,5,10,5,7.235294117647059,7.411764705882353,6.764705882352941,7.0588235294117645,6.705882352941177,6,0.5882352941176471
356,0,27,3,2,2,4,1,7,2,3,10,9,8,10,8,5,7,1,5,8,9,8,9,7,10,5,6,15,25,20,20,0,20,7.988888888888889,7.666666666666667,7.888888888888889,5.555555555555555,6.888888888888889,6,0.4444444444444444
357,0,27,9,4,10,10,1,4,2,2,2,6,10,10,10,10,8,1,7,10,6,10,8,7,7,8,1,15,20,20,20,20,5,7.5,7.8125,7.875,6.8125,6.75,6.0625,0.625
358,0,26,8,4,1,1,1,5,3,7,6,2,7,10,4,5,2,4,9,9,6,5,8,4,5,7,3,20,10,25,25,10,10,7.411764705882353,7.588235294117647,8.411764705882353,6.588235294117647,8.529411764705882,6.294117647058823,0.5882352941176471
359,0,26,6,2,1,5,2,6,3,9,2,1,1,7,2,2,6,8,1,10,3,7,8,8,8,1,4,9,17,23,15,14,22,6.21875,6.8125,7.46875,5.3125,6.625,4.625,0.3125
360,0,24,3,6,8,4,2,6,2,3,9,7,6,9,7,8,9,9,1,7,6,7,7,10,10,7,8,20,30,10,10,10,20,5.933333333333334,8.066666666666666,7.6,5.933333333333334,6.533333333333333,5.6,0.26666666666666666
361,1,34,1,2,5,5,2,6,6,1,3,1,3,5,9,10,3,3,4,10,6,8,9,7,7,3,2,30,20,30,5,5,10,4.3076923076923075,6.538461538461538,6.846153846153846,5,6.538461538461538,4.230769230769231,0.23076923076923078
362,1,30,1,2,1,1,1,4,3,1,8,2,1,9,6,6,6,4,7,6,4,6,6,6,6,7,2,20.51,14.53,24.79,17.09,5.98,17.09,5.5625,7.25,7.875,7,6.9375,5.875,0.375
363,1,23,5,4,1,1,3,6,2,7,3,3,9,10,4,5,8,6,9,7,5,5,8,7,5,8,5,25,20,20,20,5,10,5.1875,7.75,7.3125,6.0625,6.6875,4.3125,0.25
364,1,27,8,3,6,2,3,4,2,7,9,7,9,9,4,3,3,5,1,9,5,4,7,5,6,8,1,25,25,25,15,10,0,6.388888888888889,7.944444444444445,7.722222222222222,7.555555555555555,7.055555555555555,6,0.4444444444444444
365,1,30,8,2,1,1,1,2,1,10,7,3,3,9,9,10,8,4,8,8,1,5,7,9,10,5,5,31.58,10.53,15.79,21.05,10.53,10.53,7.230769230769231,7.769230769230769,7.846153846153846,7.615384615384615,7.769230769230769,6.846153846153846,0.6153846153846154
366,1,27,8,2,4,6,1,4,1,6,6,6,4,8,9,9,7,6,8,9,4,6,7,10,10,8,6,14,18,17,16,15,20,7.6,8.466666666666667,8.6,7.533333333333333,7.8,7.4,0.9333333333333333
367,1,27,13,2,6,3,3,4,1,13,6,7,8,8,5,5,3,4,8,5,6,3,3,7,8,7,2,30,15,20,25,5,5,6.6,8.066666666666666,7.733333333333333,7,7.133333333333334,7.666666666666667,0.6666666666666666
368,1,24,13,6,1,1,1,4,2,6,4,6,4,8,9,7,3,8,9,9,9,7,9,8,9,8,4,20,10,25,20,10,15,6.642857142857143,8.142857142857142,7.5,7.642857142857143,7.071428571428571,7,0.5714285714285714
369,1,25,3,2,1,8,2,5,3,3,2,6,2,6,7,7,7,1,1,10,3,7,5,6,8,1,1,17,18,28,27,5,5,6.545454545454546,7.545454545454546,7.2727272727272725,8.545454545454545,7.090909090909091,5.909090909090909,0.7272727272727273
370,1,28,8,2,7,4,3,4,1,7,7,8,7,7,6,6,3,1,6,7,2,2,2,5,9,4,1,50,10,10,10,10,10,8.285714285714286,7.857142857142857,8.285714285714286,7.714285714285714,7.785714285714286,7.142857142857143,0.8571428571428571
371,1,27,8,2,3,1,5,7,1,9,10,7,7,3,3,3,3,3,3,4,5,3,6,10,10,1,7,40,0,10,50,0,0,7.5,7.375,7.375,6.875,6.9375,6,0.5
372,1,27,8,2,9,7,2,5,2,10,9,10,8,9,9,9,7,4,2,9,6,8,6,7,7,4,2,30,15,15,20,5,15,6.615384615384615,7,7.461538461538462,6.923076923076923,6.230769230769231,6.076923076923077,0.6153846153846154
373,1,29,8,3,3,1,2,5,2,7,7,5,8,8,7,6,3,5,9,8,2,3,4,5,9,8,2,75,5,5,10,0,5,8.75,8.25,8.25,7.916666666666667,8,7.583333333333333,0.8333333333333334
374,1,30,8,4,6,6,2,4,2,7,10,10,8,7,8,8,5,5,6,5,6,9,10,9,8,4,4,50,10,10,10,5,15,5.769230769230769,7.538461538461538,7.538461538461538,5.923076923076923,7.230769230769231,5.153846153846154,0.3076923076923077
375,1,27,8,2,3,2,1,3,1,1,9,8,5,8,4,4,2,2,7,5,6,5,6,3,6,7,3,30,20,15,15,8,12,8.5,7.142857142857143,7.285714285714286,6.928571428571429,6.714285714285714,5.857142857142857,0.6428571428571429
376,1,25,8,4,10,7,2,5,2,10,4,1,4,10,5,6,7,7,3,3,9,7,9,5,6,9,5,30,10,15,20,15,10,6.4375,7.6875,8.5,6.875,8.125,6.25,0.5625
377,1,26,8,4,3,2,1,5,1,7,7,9,6,6,3,3,1,7,8,6,8,5,8,7,8,6,2,25,20,10,20,15,10,5.857142857142857,6.642857142857143,7,5.285714285714286,6.142857142857143,4.857142857142857,0.21428571428571427
378,1,29,8,2,3,2,6,5,2,7,9,5,10,5,4,4,2,1,8,7,3,3,8,5,8,5,2,25,15,20,20,10,10,6.714285714285714,7.285714285714286,7.142857142857143,6.571428571428571,6.642857142857143,6.071428571428571,0.35714285714285715
379,0,38,8,2,4,6,2,7,2,7,4,4,6,7,8,8,7,2,2,6,7,7,9,6,6,3,5,15,15,20,15,15,20,6.571428571428571,7.285714285714286,7.785714285714286,6.714285714285714,8,6.5,0.5714285714285714
380,0,33,14,1,4,8,2,7,4,6,7,8,8,8,5,5,3,1,5,5,7,7,10,9,9,9,9,20,20,20,15,15,10,6.125,7.5,7.9375,6.6875,7.0625,6.125,0.3125
381,0,24,14,2,6,3,5,4,1,6,5,5,5,7,8,8,6,5,6,9,6,4,8,7,8,8,7,20,10,20,35,5,10,6.846153846153846,7.076923076923077,7.076923076923077,7,7,6.461538461538462,0.46153846153846156
382,0,28,14,2,8,1,2,7,3,6,6,5,10,10,9,9,6,8,3,8,10,8,10,9,9,9,1,25,25,25,10,10,5,6.6,7.133333333333334,7.133333333333334,5.933333333333334,6.466666666666667,5.733333333333333,0.5333333333333333
383,0,27,9,2,10,5,3,6,2,7,9,7,9,9,8,8,5,1,5,6,9,4,9,8,7,7,4,25,20,10,20,15,10,6.583333333333333,7.833333333333333,6.5,6.583333333333333,6.5,5.75,0.5833333333333334
384,0,23,9,2,9,6,2,5,3,10,8,5,7,9,10,10,3,3,7,6,7,10,10,5,6,6,3,20,20,20,20,20,0,7,7.533333333333333,7.333333333333333,7.866666666666666,7,7.1,0.7333333333333333
385,0,25,9,2,5,8,2,5,3,2,7,5,8,10,10,10,10,6,8,9,6,10,10,8,10,9,8,25,20,20,20,10,5,7.5,8.357142857142858,7,7.428571428571429,6.642857142857143,6.285714285714286,0.42857142857142855
386,0,26,3,2,4,2,2,7,2,3,1,3,5,8,7,7,2,5,7,8,8,9,9,8,8,8,3,15,10,30,10,15,20,6.071428571428571,8.285714285714286,7.642857142857143,7.142857142857143,6.857142857142857,5.928571428571429,0.35714285714285715
387,0,25,3,2,5,2,2,7,2,3,5,5,8,8,6,6,4,3,8,7,7,8,8,7,7,8,2,20,15,25,15,15,10,8.26923076923077,7.6923076923076925,7.538461538461538,7.423076923076923,6.6923076923076925,6,0.7692307692307693
388,0,24,3,2,1,6,2,4,2,3,7,4,8,7,3,3,5,3,4,7,6,6,7,6,6,6,4,22,17,15,15,15,16,7.333333333333333,6.666666666666667,6.5,7,6.916666666666667,5.333333333333333,0.5
389,0,21,1,2,1,1,2,3,1,1,7,8,5,8,7,7,10,2,1,10,7,8,8,10,10,7,8,20,30,20,20,0,10,7.588235294117647,7.117647058823529,7.647058823529412,7.794117647058823,7.323529411764706,5.294117647058823,0.9411764705882353
390,0,30,9,4,1,10,6,4,3,2,6,1,6,10,6,6,8,1,4,10,6,8,8,8,8,4,6,10,20,20,10,10,30,3.8125,6.125,6.46875,4.5,6.25,2.625,0.1875
391,0,28,6,2,1,5,1,4,1,6,8,1,6,8,6,7,9,1,9,9,1,3,5,5,5,4,2,35,0,35,10,10,10,7.076923076923077,7.153846153846154,7.384615384615385,7,6.615384615384615,6.769230769230769,0.6153846153846154
392,0,26,6,2,6,1,5,4,3,6,4,3,3,9,10,9,9,1,3,10,6,8,10,5,10,7,7,15,20,15,30,10,10,6.2,7.866666666666666,7.266666666666667,7,7.066666666666666,6.466666666666667,0.4666666666666667
393,0,22,6,2,4,8,1,7,1,6,3,2,3,5,9,9,4,3,4,9,6,7,8,7,7,5,4,8,20,25,25,12,10,5.6923076923076925,8.23076923076923,7.615384615384615,6.538461538461538,6.615384615384615,6,0.3076923076923077
394,0,24,6,2,1,6,2,4,2,6,3,1,4,9,8,8,10,1,1,10,6,9,9,8,7,7,2,18,19,16,15,15,17,5.714285714285714,7.357142857142857,7.071428571428571,6.285714285714286,6,5.214285714285714,0.2857142857142857
395,0,33,6,2,1,2,3,4,2,6,3,4,4,10,8,8,6,1,8,9,3,10,10,7,9,7,8,20,20,20,10,10,20,6.071428571428571,6.785714285714286,7,6.285714285714286,6.5,5.357142857142857,0.2857142857142857
396,0,25,15,4,1,5,2,7,2,6,3,8,7,10,10,10,7,7,7,10,9,10,10,10,10,7,7,15,18,18,18,15,16,5.214285714285714,6.857142857142857,6.714285714285714,5.785714285714286,6.285714285714286,5.357142857142857,0.35714285714285715
397,1,24,1,2,3,2,2,5,2,1,9,8,8,6,7,7,6,2,6,7,5,7,8,4,7,5,1,20,21,21,22,6,10,5.384615384615385,7.384615384615385,7.230769230769231,5.384615384615385,7.230769230769231,5.615384615384615,0.23076923076923078
398,1,29,8,2,7,2,2,3,1,7,4,1,2,10,7,7,9,9,8,7,7,7,9,6,5,6,2,45,10,10,30,0,5,7.538461538461538,7.538461538461538,7.615384615384615,8.23076923076923,7.076923076923077,6.3076923076923075,0.6153846153846154
399,1,29,8,2,1,1,2,4,2,7,9,2,9,9,9,9,7,3,5,9,1,6,7,8,10,3,8,25,10,20,20,10,15,6.75,6.75,7.375,6.25,7.625,6,0.625
400,1,26,8,2,7,7,5,4,2,7,7,4,7,7,6,6,6,1,8,7,1,7,7,6,7,1,1,70,5,20,3,1,1,7.083333333333333,7.75,8.083333333333334,7.083333333333333,8.25,6.916666666666667,0.6666666666666666
401,1,31,8,2,1,1,2,4,1,7,10,1,4,8,8,8,8,2,5,5,1,8,8,10,10,7,3,35,0,25,20,0,20,6.5,8.357142857142858,8.285714285714286,6,8,5.714285714285714,0.42857142857142855
402,1,29,2,4,1,1,3,4,2,7,10,2,6,9,6,6,9,7,4,3,3,5,8,4,4,6,9,25,20,15,25,10,5,5.066666666666666,8.266666666666667,8.2,6.466666666666667,8.466666666666667,5,0.06666666666666667
403,1,22,5,2,6,6,5,5,3,7,9,8,3,7,4,3,5,3,3,5,6,5,8,3,6,2,1,20,25,20,15,5,15,4.833333333333333,8,7.583333333333333,6.25,7.083333333333333,4.916666666666667,0.16666666666666666
404,1,23,5,2,1,4,2,5,2,7,10,5,8,10,8,8,9,7,9,8,4,5,8,7,8,6,3,25,14,25,25,3,8,8.153846153846153,8,7.384615384615385,6.846153846153846,7.3076923076923075,5.846153846153846,0.5384615384615384
405,1,30,13,1,1,1,4,5,5,9,6,1,6,9,8,9,2,6,8,8,6,10,9,7,9,9,5,30,25,20,15,5,5,5.642857142857143,8.142857142857142,8.357142857142858,7,8.357142857142858,6.214285714285714,0.2857142857142857
406,1,27,8,4,1,1,1,6,2,7,4,6,8,9,6,7,8,6,6,7,7,8,9,7,10,2,1,20,20,20,20,20,0,5.866666666666666,7.333333333333333,8,7.933333333333334,8,6.166666666666667,0.26666666666666666
407,1,24,14,2,1,1,3,4,2,6,8,4,7,9,9,9,7,4,2,9,5,7,10,9,9,7,7,30,15,15,15,15,10,7.133333333333334,8.933333333333334,8.133333333333333,7.066666666666666,7.4,7.533333333333333,0.6666666666666666
408,1,24,13,3,1,1,2,7,1,9,7,7,9,8,9,8,3,5,1,6,2,4,8,6,10,2,1,20,10,20,20,10,20,6.642857142857143,7.142857142857143,7,7.071428571428571,7.428571428571429,6.428571428571429,0.5
409,1,23,5,2,5,5,2,6,3,2,10,4,1,4,7,8,10,2,8,7,2,6,8,10,10,5,2,20,15,20,20,10,15,7.076923076923077,8.23076923076923,8.307692307692308,7.384615384615385,7.384615384615385,6.615384615384615,0.6153846153846154
410,1,27,8,2,8,8,1,5,1,7,10,8,5,8,1,1,8,10,1,8,2,2,4,4,5,1,1,20,20,20,20,10,10,7.384615384615385,8.23076923076923,8.23076923076923,7.615384615384615,7.538461538461538,6.769230769230769,0.6923076923076923
411,1,34,8,2,8,2,3,4,1,7,7,6,6,7,7,6,3,3,1,8,1,7,6,7,10,8,3,35,15,15,25,10,0,7.291666666666667,8.166666666666666,8.25,8,8.166666666666666,6.666666666666667,0.5
412,1,27,8,2,1,1,1,5,2,7,10,10,10,5,8,8,0,7,3,8,6,5,5,8,8,4,4,75,5,5,5,5,5,5.363636363636363,7.181818181818182,7.363636363636363,6.7272727272727275,7.2727272727272725,5.636363636363637,0.2727272727272727
414,1,29,8,2,2,10,6,1,1,7,10,5,9,5,0,0,5,5,0,8,7,0,0,0,1,2,0,95,1,1,1,1,1,6.538461538461538,7.538461538461538,7.846153846153846,6.153846153846154,8.153846153846153,4.923076923076923,0.46153846153846156
415,1,31,8,2,3,1,1,4,2,7,1,1,6,6,7,5,1,1,3,10,1,6,6,3,7,1,1,10,20,40,10,10,10,3.5833333333333335,4.166666666666667,4.25,3.6666666666666665,4.5,2.25,0
416,0,25,3,3,3,3,6,4,1,3,4,1,8,8,7,6,6,1,8,7,8,5,7,5,10,4,3,15,20,30,20,5,10,7.142857142857143,7.714285714285714,7.571428571428571,7.714285714285714,7.571428571428571,6.857142857142857,0.8571428571428571
417,0,29,3,2,1,1,1,5,3,3,6,1,4,5,8,8,8,3,5,7,2,6,7,7,6,3,8,20,20,20,10,10,20,5.285714285714286,8.142857142857142,7.428571428571429,6,6.285714285714286,5.857142857142857,0.14285714285714285
418,0,25,1,4,7,3,6,7,2,1,2,2,5,9,7,8,6,5,6,10,8,8,10,7,9,7,7,15,25,20,15,10,15,6.714285714285714,8,8.285714285714286,7.428571428571429,7.285714285714286,6.142857142857143,0.5714285714285714
419,0,28,11,2,0,1,4,2,1,11,6,2,5,8,5,6,5,2,9,9,8,9,9,6,6,4,7,5,30,20,10,5,30,6.285714285714286,8.285714285714286,8.142857142857142,6.285714285714286,7.428571428571429,6.714285714285714,0.14285714285714285
420,0,22,11,2,1,1,5,4,2,11,8,4,5,10,8,8,7,4,3,9,7,8,7,4,5,6,4,10,10,40,10,15,15,7.5,7.625,7.875,7.75,7.125,6.625,0.875
421,0,25,11,4,5,5,1,4,3,11,1,1,1,8,5,5,1,5,5,5,8,10,10,5,10,10,5,20,10,30,20,10,10,6.571428571428571,6.714285714285714,6.857142857142857,6,6.142857142857143,5.142857142857143,0.5714285714285714
422,1,26,8,2,6,7,2,4,2,7,7,2,8,9,9,9,10,2,4,7,5,9,8,6,6,7,9,30,25,20,10,10,5,6.5,8,7.5,7.333333333333333,7.833333333333333,5.833333333333333,0.8333333333333334
423,1,30,8,2,1,1,2,4,1,7,9,2,9,8,7,7,7,6,5,9,5,5,8,7,5,5,4,30,20,30,10,5,5,6,7.2,7,5.8,6.8,4.2,0.2
424,1,24,5,4,4,4,2,6,3,2,7,7,7,7,5,5,6,7,5,5,7,5,8,5,7,8,5,17,16,17,17,17,16,5.4,8,8,6,7,5.4,0.6
425,1,28,8,2,3,7,2,4,2,7,7,8,8,8,7,6,5,2,7,5,5,6,7,5,7,2,2,16,25,20,12,12,15,3.7,6.2,7.3,4,7.6,4.2,0
426,1,24,8,2,4,7,2,2,1,13,7,2,7,8,6,4,3,2,6,5,3,7,6,6,6,4,2,25,7,35,20,8,5,3.5,4.166666666666667,6.666666666666667,4.833333333333333,7.833333333333333,3.5,0.16666666666666666
427,1,28,13,2,1,1,1,7,3,15,10,1,10,8,7,7,9,1,3,8,1,4,5,7,10,1,10,20,20,20,20,20,20,5.666666666666667,7.333333333333333,7,4.833333333333333,6.333333333333333,4.666666666666667,0.16666666666666666
428,1,27,8,4,8,8,3,2,1,7,6,5,5,9,6,7,6,5,6,7,5,6,7,5,7,7,3,60,10,10,10,10,0,6,7.5,8.333333333333334,6.833333333333333,8.666666666666666,6.666666666666667,0.6666666666666666
429,1,27,8,2,1,1,2,2,2,7,7,8,8,9,8,8,8,6,7,9,8,8,8,8,8,7,6,55,10,15,15,5,0,6.8,6.8,6.6,5.6,7.8,4,0.4
430,0,22,9,4,3,10,1,6,2,2,10,10,10,6,3,2,4,2,4,4,8,9,9,8,8,5,4,10,25,15,20,15,15,6.384615384615385,7,6.461538461538462,5.923076923076923,5.615384615384615,4.923076923076923,0.6923076923076923
431,0,27,9,4,5,8,2,7,3,7,10,9,7,10,10,10,10,5,4,10,7,7,5,8,10,10,3,15,15,25,15,15,15,5.785714285714286,5.785714285714286,6.428571428571429,4.5,7.142857142857143,4.214285714285714,0.5
432,0,28,11,2,1,1,4,6,3,11,2,2,2,10,10,10,7,1,6,6,4,9,8,8,7,5,5,15,30,30,10,10,5,6.538461538461538,7.6923076923076925,7.461538461538462,6.461538461538462,5.6923076923076925,5.538461538461538,0.5384615384615384
433,0,30,15,6,3,3,2,6,3,6,3,3,8,8,8,8,8,1,6,7,5,7,8,5,5,5,3,20,20,20,20,10,10,5.142857142857143,6.928571428571429,6.785714285714286,6.714285714285714,5.928571428571429,5.071428571428571,0.42857142857142855
434,0,27,11,2,2,2,1,4,2,15,4,2,9,6,3,3,3,2,7,2,6,2,2,4,7,8,4,30,15,15,30,0,10,7.153846153846154,7.384615384615385,7.076923076923077,6.3076923076923075,5.615384615384615,5.230769230769231,0.8461538461538461
435,0,22,1,1,1,1,1,7,2,1,5,5,6,9,8,8,3,2,9,9,1,8,7,9,9,10,10,25,5,20,25,15,10,5.846153846153846,6.153846153846154,6.3076923076923075,6.384615384615385,6.6923076923076925,4.538461538461538,0.3076923076923077
436,0,23,1,2,9,1,1,6,1,1,8,5,9,10,8,7,8,5,1,9,10,8,10,6,10,10,4,28,8,17,22,17,8,7.384615384615385,6.230769230769231,6.846153846153846,7.538461538461538,7.230769230769231,5.384615384615385,0.5384615384615384
437,0,23,11,2,2,6,1,4,1,11,6,7,7,8,9,9,8,5,6,9,7,10,10,10,10,5,6,15,15,18,18,14,20,6,7,6.461538461538462,6.153846153846154,5,5.076923076923077,0.3076923076923077
438,0,23,11,2,1,5,1,4,1,11,3,1,8,9,5,5,8,4,7,6,5,7,9,10,9,8,3,14,15,16,17,18,20,6.5,7,6.916666666666667,6.583333333333333,5.916666666666667,5.25,0.75
439,0,29,9,2,1,5,2,3,2,2,8,4,8,9,8,9,6,1,7,9,6,4,9,9,9,6,6,20,10,50,5,10,5,7.428571428571429,5.928571428571429,6.928571428571429,6,5.5,4.5,0.6428571428571429
440,1,21,1,2,8,2,1,7,2,1,10,10,10,10,7,7,7,3,1,3,5,5,10,8,10,8,5,35,5,30,20,5,5,8.444444444444445,7.888888888888889,8.777777777777779,8.333333333333334,8.11111111111111,7.111111111111111,0.5555555555555556
441,1,24,1,2,4,2,2,7,1,1,6,1,6,7,7,8,7,14,9,9,8,9,10,10,10,7,2,35,10,25,20,5,5,6.666666666666667,7.111111111111111,7.444444444444445,7.333333333333333,7.222222222222222,6.555555555555555,0.4444444444444444
442,1,25,1,2,1,1,4,6,1,1,7,1,7,5,1,1,7,1,8,6,1,1,5,3,5,2,1,40,10,0,45,0,5,6.1,7.9,8.1,6.1,7.7,4.5,0.4
443,1,27,13,3,1,3,2,6,2,9,9,5,7,8,5,5,5,3,7,6,1,6,7,8,8,4,5,30,25,10,20,0,15,6.25,7.75,8.125,7.625,8.25,5.75,0.25
444,1,26,8,2,5,1,2,4,2,7,8,8,9,2,6,8,6,2,5,2,7,1,10,3,5,5,6,50,10,10,30,0,0,8.4,7,7.9,7.5,8.3,5.2,0.5
445,1,30,13,2,1,1,2,5,2,9,9,6,8,8,5,3,9,5,9,10,5,4,10,8,9,5,1,40,12,18,12,6,12,6.75,7.25,7.625,7,7.625,5.75,0.375
446,1,28,8,3,2,2,1,4,3,7,9,2,9,8,8,7,6,3,6,6,5,6,6,5,8,3,3,30,20,25,15,10,0,6,7.333333333333333,7.666666666666667,5.888888888888889,6.777777777777778,5.444444444444445,0.4444444444444444
447,1,26,13,4,1,1,1,7,2,7,7,5,6,8,3,2,6,2,5,6,3,4,8,4,9,2,4,15,30,25,20,0,10,7.1,8.1,8.4,6.9,8.4,4.8,0.3
448,1,22,1,2,1,1,1,2,1,7,3,2,4,9,8,9,3,5,9,7,3,6,7,6,10,6,5,25,15,25,25,5,5,7.625,6.375,7.375,7.5,8.375,5.5,0.5
449,1,23,1,6,7,1,1,3,1,1,8,2,6,8,7,5,5,3,1,9,7,6,9,2,6,4,1,55,2,1,40,1,1,7.666666666666667,7.222222222222222,8.222222222222221,8.11111111111111,8.222222222222221,6.111111111111111,0.3333333333333333
450,1,25,13,2,3,7,2,6,2,9,7,3,9,9,9,9,9,9,3,5,7,9,10,9,10,5,10,50,5,5,5,5,30,5.6,7.3,8.2,7,7.9,5.5,0.3
451,1,30,8,4,3,1,2,3,3,7,3,3,2,4,4,3,3,4,3,6,7,5,7,7,8,6,6,20,40,5,20,5,10,3,7.222222222222222,8.333333333333334,4.888888888888889,8.222222222222221,4.666666666666667,0
452,1,29,8,4,7,1,1,5,3,7,9,6,8,7,8,7,8,7,9,8,7,8,9,8,10,5,3,35,30,25,5,0,5,4.222222222222222,6.888888888888889,8,7,7.777777777777778,4,0.1111111111111111
453,1,27,1,4,4,3,2,6,5,1,6,3,5,6,6,5,6,5,3,6,6,4,7,6,5,4,1,30,30,30,5,0,5,3.888888888888889,8.555555555555555,8.666666666666666,4.888888888888889,8,3.7777777777777777,0.1111111111111111
454,0,27,15,2,3,3,2,7,3,2,5,8,5,9,9,9,7,1,4,9,4,9,9,8,8,4,9,10,20,20,20,10,20,5.8,7.4,6.6,6.6,6.2,5.2,0.4
455,0,24,10,4,5,5,1,6,2,2,3,5,3,10,10,7,7,1,8,10,4,8,9,8,9,9,7,10,25,20,16,20,9,5.8,8,7.6,6.6,6.6,6.6,0
456,0,29,8,4,3,2,2,6,1,7,1,1,8,8,7,7,6,2,8,8,4,7,7,6,6,8,8,25,20,15,10,15,15,7.4,6.2,6.8,7,7.4,6.4,1
457,0,55,6,4,1,1,6,7,3,6,1,2,1,8,9,9,10,1,1,10,4,7,3,10,8,1,1,25,0,25,25,0,25,5.8,7.2,6.8,7.2,5,5.6,0.2
458,0,29,8,4,9,8,1,4,1,7,9,1,6,10,8,6,9,3,6,9,7,8,8,4,1,10,9,50,5,25,20,0,0,6.4,6.4,7.2,6.6,7.8,6,0.4
459,0,26,8,4,6,1,1,5,3,7,1,3,1,9,8,9,1,1,6,4,6,8,8,8,8,8,1,30,10,10,30,10,10,7,6.8,7,6.6,7.4,5.8,0.6
460,1,33,7,2,2,1,1,4,2,2,9,7,10,10,10,10,8,1,7,9,10,6,9,10,10,1,5,20,10,20,15,15,20,7,8.5,8,6.833333333333333,6.666666666666667,6.166666666666667,0.8333333333333334
461,1,27,5,6,2,2,1,7,4,4,9,8,9,9,7,7,9,8,6,2,2,7,6,6,6,4,4,40,20,20,10,10,0,4.5,6.833333333333333,7,5.666666666666667,7,4,0.16666666666666666
462,1,33,5,4,1,5,4,6,6,2,8,7,5,2,6,6,1,2,7,3,8,5,7,6,9,2,2,30,30,10,10,0,20,4.166666666666667,8.333333333333334,6.833333333333333,4.666666666666667,6.833333333333333,3.6666666666666665,0.16666666666666666
463,1,23,10,4,3,2,2,7,1,10,5,4,7,5,4,3,3,5,4,5,4,4,4,4,7,3,1,15,15,15,15,15,25,5.833333333333333,8.333333333333334,8.333333333333334,6.5,7.333333333333333,4.333333333333333,0.5
464,1,33,8,4,1,1,1,3,1,7,10,9,6,7,3,3,5,5,9,3,4,6,7,7,7,2,1,15,15,15,20,15,20,7,7.166666666666667,8.166666666666666,7.833333333333333,7.666666666666667,5.333333333333333,0.6666666666666666
465,1,23,7,2,1,3,6,7,3,6,4,8,1,3,8,8,4,1,4,9,2,1,3,10,10,1,1,20,20,20,20,20,0,5.2,6.2,5,6,3.8,3.6,0.2
466,0,24,18,2,1,1,6,7,1,10,4,2,9,8,5,6,4,3,2,8,5,5,7,6,8,4,2,10,20,20,15,20,15,7.571428571428571,7.714285714285714,7.928571428571429,7.571428571428571,7.285714285714286,6,0.6428571428571429
467,0,24,8,2,7,4,6,2,1,7,8,4,9,9,9,9,8,5,8,9,8,9,9,9,9,9,9,20,20,20,20,20,0,8.23076923076923,7.461538461538462,7.6923076923076925,7.153846153846154,7.923076923076923,6.3076923076923075,0.6923076923076923
468,0,25,13,6,5,2,1,6,3,2,8,3,7,7,7,8,8,2,6,8,7,5,9,9,9,7,6,15,25,15,15,15,15,8.285714285714286,7.928571428571429,8.428571428571429,7.785714285714286,7.928571428571429,6.5,0.6428571428571429
469,0,25,13,4,1,1,2,3,1,9,10,7,7,7,7,7,3,3,4,7,9,7,7,7,8,6,9,20,10,20,20,10,20,7.928571428571429,7.642857142857143,7.785714285714286,7.214285714285714,6.928571428571429,6.428571428571429,0.7142857142857143
470,0,29,4,4,1,1,1,4,2,4,1,1,1,10,10,10,2,1,3,10,5,10,10,6,6,10,1,10,20,25,25,10,10,8.066666666666666,7.4,8.533333333333333,7.533333333333333,8.2,6.333333333333333,0.7333333333333333
471,0,30,4,4,8,8,2,5,3,4,3,4,6,10,7,7,5,2,9,7,8,6,8,6,6,10,4,15,15,25,10,15,20,6.538461538461538,7.076923076923077,7.846153846153846,6.846153846153846,7.538461538461538,5.461538461538462,0.46153846153846156
472,0,25,5,3,1,3,2,4,2,5,10,6,7,9,9,8,9,1,7,8,1,10,10,10,10,5,9,10,25,25,20,10,10,7.214285714285714,7.857142857142857,7.857142857142857,6.571428571428571,6.857142857142857,5.571428571428571,0.42857142857142855
473,0,34,10,4,1,1,2,6,4,2,7,5,5,8,8,8,8,6,6,9,8,8,9,9,9,7,7,15,20,20,15,15,15,5.933333333333334,7.266666666666667,7.6,5.133333333333334,6.666666666666667,5.6,0.06666666666666667
474,0,30,10,1,1,1,1,6,5,2,10,2,10,10,7,7,9,2,9,8,1,4,3,7,10,6,9,15,20,10,30,5,20,7.857142857142857,7.857142857142857,8.142857142857142,8.071428571428571,7.785714285714286,6.928571428571429,0.7857142857142857
475,0,27,13,3,1,2,1,6,2,9,1,1,6,10,6,5,2,0,5,4,4,9,8,3,5,6,9,10,15,30,10,15,20,7,7.714285714285714,7.785714285714286,7.642857142857143,6.928571428571429,5.928571428571429,0.5
476,0,25,13,2,1,3,5,5,2,9,4,1,7,9,5,5,4,1,7,3,3,3,3,3,7,6,3,20,20,20,15,15,10,7,8,7.083333333333333,6.833333333333333,6.583333333333333,5.083333333333333,0.25
477,0,27,5,3,5,7,1,4,2,5,9,6,7,8,6,8,8,4,7,7,4,7,8,7,7,6,4,16,19,16,17,15,17,6.384615384615385,7.769230769230769,8.153846153846153,6.461538461538462,6.538461538461538,5.846153846153846,0.23076923076923078
478,0,26,13,2,4,4,1,4,1,7,9,7,9,7,7,9,9,3,3,8,4,7,9,8,9,4,6,20,20,10,20,10,20,7.857142857142857,7.714285714285714,8.142857142857142,7.785714285714286,8.285714285714286,7.357142857142857,0.7142857142857143
479,0,27,13,2,3,3,1,4,3,7,10,7,10,9,8,7,9,1,7,5,4,7,7,7,7,7,7,15,15,20,20,15,15,7.642857142857143,7.5,8.142857142857142,6.785714285714286,7.571428571428571,5.928571428571429,0.5
480,0,26,5,2,4,6,1,4,1,5,7,1,8,9,9,9,3,1,6,10,3,3,4,4,4,5,7,16,18,18,20,12,16,7.857142857142857,8.142857142857142,8.285714285714286,7.857142857142857,7.428571428571429,7,0.5714285714285714
481,1,23,9,2,8,1,2,3,2,2,3,3,7,9,8,7,1,2,5,8,2,7,10,10,10,6,1,25,20,15,20,5,15,6.285714285714286,6.642857142857143,6.464285714285714,5.142857142857143,5.214285714285714,5,0.14285714285714285
482,1,30,8,2,2,6,2,6,1,7,9,7,5,9,6,5,8,2,5,9,6,7,7,2,4,4,3,20,10,22,20,15,13,6.083333333333333,7.25,7.666666666666667,7.166666666666667,7.916666666666667,6.583333333333333,0.6666666666666666
483,1,28,3,2,1,1,6,3,1,2,10,1,10,10,10,10,5,1,1,10,5,10,10,10,10,10,5,40,20,20,20,0,0,5.714285714285714,5.857142857142857,6.5,6.928571428571429,6.071428571428571,5.571428571428571,0.35714285714285715
484,1,31,18,4,1,1,1,6,4,15,7,3,5,9,9,9,9,3,7,9,1,9,9,9,9,2,7,16,16,20,16,16,16,4.285714285714286,7.357142857142857,8.071428571428571,4.285714285714286,6.642857142857143,3.357142857142857,0.14285714285714285
485,1,29,3,1,4,3,2,6,2,2,6,10,9,7,7,7,4,6,6,9,8,8,8,7,8,7,4,20,15,20,15,15,15,4.214285714285714,6,6,4.571428571428571,4.714285714285714,4.5,0.14285714285714285
486,1,32,10,3,1,1,3,6,2,4,7,1,3,10,8,6,4,1,9,8,1,7,10,5,8,2,2,20,20,20,15,10,15,5.615384615384615,7.3076923076923075,7.923076923076923,6,7,5.615384615384615,0.38461538461538464
487,1,24,6,4,1,1,1,5,3,2,4,4,2,8,5,3,2,5,2,7,8,5,9,6,10,6,2,25,26,15,10,9,15,3.923076923076923,7.230769230769231,7.769230769230769,3.923076923076923,5.230769230769231,3.769230769230769,0.07692307692307693
488,1,29,8,4,1,1,3,2,3,7,3,3,3,9,5,1,1,1,8,8,8,8,8,8,8,8,3,15,20,20,20,5,20,4.857142857142857,6,6.571428571428571,5.857142857142857,6.571428571428571,4.357142857142857,0.2857142857142857
489,1,28,8,2,6,5,3,2,1,7,7,7,7,9,9,9,6,9,9,6,6,9,9,9,7,6,5,20,10,20,20,20,0,7.538461538461538,7.153846153846154,7,7.153846153846154,6.923076923076923,6.384615384615385,0.6923076923076923
490,1,29,14,2,6,1,2,6,3,6,3,1,2,7,7,7,6,2,5,9,9,8,10,9,8,7,4,30,15,20,10,10,15,3.75,6.25,7,5.833333333333333,6.25,4.916666666666667,0.16666666666666666
491,1,29,8,3,3,3,2,4,1,7,9,2,9,9,9,8,9,7,9,8,2,7,8,8,9,9,6,30,10,25,20,8,7,7.857142857142857,6.714285714285714,7.857142857142857,7.642857142857143,7.642857142857143,6.071428571428571,0.7857142857142857
492,1,30,10,6,1,1,2,4,2,2,10,10,10,10,10,10,10,2,4,10,7,5,5,2,5,10,10,30,0,30,30,10,0,7.285714285714286,7.285714285714286,7.857142857142857,7.357142857142857,6.928571428571429,6.5,0.6428571428571429
493,1,20,13,4,1,1,5,6,5,13,10,10,7,7,4,4,3,3,6,7,10,8,8,7,7,10,6,30,10,10,30,10,10,7.25,7.583333333333333,7.083333333333333,7.333333333333333,7.166666666666667,6,0.5833333333333334
494,1,30,6,2,2,8,4,3,3,6,8,10,4,10,10,10,1,1,4,8,6,9,10,7,8,9,10,25,25,25,25,0,0,5.769230769230769,7.153846153846154,7.538461538461538,6.6923076923076925,6.384615384615385,5.923076923076923,0.46153846153846156
495,1,32,15,6,5,6,2,2,1,6,7,5,6,7,5,6,7,7,6,5,6,7,7,6,5,5,6,20,20,20,15,15,10,4.5,5.166666666666667,6.166666666666667,6.75,4.916666666666667,4.666666666666667,0.25
496,0,23,5,4,1,1,1,5,2,2,8,1,8,7,7,7,8,1,1,7,3,3,3,5,5,5,5,20,30,20,20,10,0,7.5,8.5,8.5,6.75,6.25,7,1
497,0,24,10,2,5,5,1,7,1,2,7,5,1,8,7,6,7,3,1,7,8,6,9,9,8,8,7,10,20,20,20,20,10,6.428571428571429,7.142857142857143,7.285714285714286,6.857142857142857,7,5.857142857142857,0.42857142857142855
498,0,25,10,2,9,9,1,4,1,2,3,1,5,7,3,3,6,6,9,8,9,6,8,8,8,3,1,18,18,18,18,18,10,6.666666666666667,7.5,7.833333333333333,6.333333333333333,6.833333333333333,5.833333333333333,0.6666666666666666
499,0,26,10,2,1,9,5,4,1,2,1,1,1,9,9,9,2,1,8,9,6,8,10,10,10,5,1,19,19,19,19,5,19,5.714285714285714,7.714285714285714,8,6.428571428571429,6.857142857142857,4.714285714285714,0.42857142857142855
500,0,25,10,1,7,9,1,5,3,2,4,2,6,7,7,7,2,2,7,8,5,7,8,8,8,6,5,10,15,35,15,10,15,6,8.166666666666666,7.833333333333333,6.666666666666667,7.5,5.666666666666667,0.8333333333333334
501,0,26,10,2,7,4,5,4,3,2,5,4,8,8,9,9,6,1,3,9,7,9,9,9,10,7,6,30,10,20,10,10,20,6.333333333333333,7.5,6.833333333333333,7.166666666666667,6.833333333333333,6.166666666666667,0.5
502,1,26,5,4,1,1,1,3,2,7,8,8,9,6,5,5,10,9,8,7,8,6,9,5,8,3,4,40,20,20,20,0,0,3.8333333333333335,8,6.666666666666667,7.666666666666667,7.333333333333333,4,0
503,1,25,10,2,1,5,5,6,5,2,2,4,4,8,8,8,7,5,2,6,5,7,8,9,9,7,7,30,30,40,0,0,0,2.3333333333333335,5.666666666666667,7.833333333333333,5.166666666666667,7.333333333333333,4,0
504,1,23,5,2,1,1,2,5,2,7,1,1,2,4,4,4,8,1,3,6,1,5,6,7,7,3,1,30,0,30,15,15,10,6.5,7,7.5,6.333333333333333,6.833333333333333,4.833333333333333,0.3333333333333333
505,1,27,6,4,1,1,3,4,1,6,10,6,10,5,10,10,9,7,1,10,10,10,10,10,10,10,10,20,14,18,16,16,16,6.4,7.2,7.2,5,7.2,4,0
506,1,24,2,4,5,5,1,7,2,7,6,4,6,7,7,7,8,2,4,9,2,5,5,5,5,2,1,15,15,20,15,15,20,4.6,7,7.8,3.2,7.8,3.4,0
507,1,24,2,4,1,1,5,7,3,2,10,9,10,9,9,8,7,4,5,8,5,7,6,6,8,3,2,20,20,20,20,20,0,6,8,7.833333333333333,7.666666666666667,6.833333333333333,6,0.6666666666666666
508,1,36,2,4,1,5,3,5,1,10,10,4,7,6,4,4,4,9,7,10,3,5,4,7,10,4,8,18,10,18,18,18,18,5.833333333333333,5.666666666666667,6.833333333333333,5.333333333333333,6.5,4.5,0.16666666666666666
509,0,28,6,4,2,2,2,4,2,16,6,3,6,7,7,7,3,3,4,6,4,4,8,5,7,7,7,10,20,30,10,10,20,5.2631578947368425,6.7368421052631575,7.105263157894737,6.052631578947368,7.105263157894737,5.631578947368421,0.5263157894736842
510,0,26,8,3,3,3,2,7,2,2,8,1,4,10,8,7,10,5,7,9,1,3,9,7,5,1,7,25,25,25,12,3,10,7.578947368421052,7.368421052631579,7.631578947368421,7.105263157894737,6.368421052631579,6.2105263157894735,0.6842105263157895
511,0,23,5,4,2,2,2,7,3,7,6,5,5,7,8,10,10,3,9,8,5,8,9,9,10,7,8,20,10,10,30,15,15,6.1,7.2,7.55,5.55,6.9,4.75,0.2
513,0,23,15,2,1,1,2,6,4,6,1,1,9,9,9,9,1,0,8,9,8,9,10,6,8,6,6,20,20,20,20,5,15,7.85,6.5,6.75,7.75,6.65,4.65,0.75
514,0,23,3,2,8,9,2,4,3,2,5,3,7,7,8,10,2,2,1,8,6,10,8,9,10,6,7,20,20,20,15,5,20,4.666666666666667,6.857142857142857,6.761904761904762,6.523809523809524,6.571428571428571,5,0.19047619047619047
515,0,23,6,2,8,5,1,6,3,16,10,10,8,9,9,8,10,3,8,9,8,9,10,7,10,5,9,20,20,20,15,10,15,7.055555555555555,6.444444444444445,6.833333333333333,6.222222222222222,5.888888888888889,4.222222222222222,0.4444444444444444
516,0,27,10,4,9,3,2,6,3,2,3,3,6,10,9,9,5,5,8,9,6,9,4,9,9,9,3,58,5,8,10,7,12,7.25,5.85,6.9,6.75,6.7,5.1,0.6
517,0,30,15,3,1,1,5,5,3,6,2,1,9,9,6,8,4,1,2,9,3,10,8,4,4,3,9,15,20,20,20,5,10,5.882352941176471,6.588235294117647,6.294117647058823,6,5.647058823529412,4.176470588235294,0.35294117647058826
518,0,23,15,2,2,1,5,7,2,6,4,2,5,8,6,7,5,5,9,9,8,8,8,6,8,9,4,20,25,25,30,5,5,7,7.333333333333333,6.809523809523809,7.380952380952381,6.571428571428571,4.9523809523809526,0.6190476190476191
519,0,26,9,2,8,9,2,4,2,13,9,5,9,5,8,7,7,2,3,9,4,7,8,7,8,2,2,40,5,30,15,5,5,6,7.277777777777778,7,5.777777777777778,6.055555555555555,4.722222222222222,0.3333333333333333
520,0,28,11,6,2,1,1,7,1,9,4,6,8,8,10,8,5,2,9,10,8,9,8,5,5,8,2,25,15,25,15,10,10,4.7894736842105265,7.421052631578948,7.421052631578948,6.578947368421052,6.368421052631579,5,0.21052631578947367
521,0,26,11,2,3,1,1,3,1,9,7,7,8,8,8,8,10,7,5,8,6,7,8,8,8,6,6,10,30,20,15,15,10,6.095238095238095,7.428571428571429,7.380952380952381,6.380952380952381,6.0476190476190474,4.9523809523809526,0.5238095238095238
522,0,22,1,2,3,6,1,6,2,1,6,6,6,7,8,9,3,3,7,9,8,10,10,7,7,5,3,10,20,15,20,15,20,6.409090909090909,6.863636363636363,7.545454545454546,6.454545454545454,7.318181818181818,5.181818181818182,0.5454545454545454
523,0,27,9,4,3,2,2,4,3,10,8,1,5,9,4,3,6,7,8,13,5,2,7,8,9,3,1,10,25,20,20,5,20,4.0476190476190474,6.904761904761905,6.619047619047619,5.809523809523809,5.857142857142857,5,0.09523809523809523
524,0,25,4,4,9,6,2,7,4,4,4,1,7,9,8,8,6,3,8,7,7,8,8,5,5,7,5,15,20,25,20,10,10,6.894736842105263,7.7894736842105265,7.842105263157895,7.684210526315789,7,6,0.6842105263157895
525,0,24,15,2,2,8,2,4,1,3,6,2,8,6,5,5,3,2,1,8,8,9,10,7,8,8,1,10,15,30,20,15,10,4.222222222222222,6.722222222222222,6.555555555555555,5.722222222222222,5.388888888888889,4.055555555555555,0
526,0,26,11,3,5,2,1,5,3,11,2,1,3,10,10,7,6,5,10,8,4,10,8,6,8,4,10,10,10,30,20,10,15,4.631578947368421,7,6.421052631578948,6.631578947368421,5.526315789473684,4.2105263157894735,0.15789473684210525
527,0,24,11,6,5,5,1,4,3,11,5,5,1,8,7,7,6,2,7,6,6,8,7,8,8,7,6,50,20,10,5,10,5,4.95,6.3,6.4,5.55,5.45,4,0.15
529,0,22,5,4,4,1,2,4,1,5,7,4,6,10,8,8,8,6,5,5,5,8,8,8,8,4,4,10,25,25,10,10,20,4.1,7.8,7.5,5.25,6.4,4.35,0.15
530,0,22,5,4,1,1,2,7,3,10,7,10,5,6,3,8,6,7,6,3,5,8,10,9,10,6,3,20,20,10,15,5,30,4.15,7.75,7.45,5.15,6.45,3.85,0.15
531,1,25,5,4,5,1,2,7,2,2,10,10,6,6,10,10,10,6,6,6,10,10,10,8,10,1,6,15,30,20,20,10,5,4.428571428571429,7.095238095238095,7.904761904761905,5.333333333333333,6.714285714285714,4.619047619047619,0.3333333333333333
532,1,26,5,4,8,3,1,2,2,5,7,8,6,8,6,4,4,8,6,9,7,6,8,6,7,5,2,25,20,20,20,5,10,3.75,7.65,7.45,3.55,6.35,3.55,0.2
533,1,26,5,2,1,1,2,6,2,2,7,3,5,7,5,5,7,2,5,3,1,5,7,6,7,2,2,25,25,25,13,12,0,5.7,5.95,6.25,5.15,5.75,4.35,0.35
534,1,24,5,6,1,1,3,5,6,5,7,9,3,9,9,8,6,7,7,7,3,6,7,8,7,4,1,30,30,30,5,2,3,5.611111111111111,6.388888888888889,6.777777777777778,5.777777777777778,6.611111111111111,4.833333333333333,0.3333333333333333
535,1,23,10,2,5,6,1,5,3,2,4,3,4,7,7,6,2,8,8,8,6,6,9,8,9,5,6,23,14,19,16,10,18,6,6.2,7.95,6.5,6.85,5.2,0.65
536,1,29,2,2,1,1,1,5,2,7,7,3,5,8,7,7,3,2,7,8,6,4,9,7,9,7,1,30,20,20,20,10,0,6.470588235294118,6.352941176470588,6.529411764705882,6.294117647058823,6.470588235294118,5.0588235294117645,0.5294117647058824
537,1,22,5,4,7,1,1,5,1,1,6,6,7,10,8,8,3,3,6,10,8,10,10,10,10,10,1,20,5,25,25,5,20,6,5.823529411764706,6.882352941176471,6.588235294117647,6.352941176470588,5.529411764705882,0.5882352941176471
538,1,32,5,2,1,1,1,4,2,7,8,2,8,8,8,8,8,8,6,8,5,4,6,3,6,6,6,50,0,10,30,0,10,5.538461538461538,6.153846153846154,7.153846153846154,7.846153846153846,6.615384615384615,5.153846153846154,0.6923076923076923
539,1,22,1,2,6,6,1,4,1,1,8,9,8,9,9,9,4,6,8,8,6,7,9,7,7,7,6,30,10,20,15,15,10,4.833333333333333,5.555555555555555,6.722222222222222,6.5,6.722222222222222,5.166666666666667,0.4444444444444444
540,1,24,5,2,5,1,1,7,4,2,6,4,4,5,7,8,8,9,6,7,4,9,9,9,9,6,3,20,15,20,20,15,10,4.277777777777778,6.555555555555555,6.277777777777778,5.555555555555555,6,4.222222222222222,0.2777777777777778
541,1,23,5,4,2,2,3,7,3,7,10,10,7,8,3,5,4,3,8,3,10,5,10,10,9,9,3,40,30,0,20,0,10,4.578947368421052,6.7894736842105265,7.105263157894737,4.7368421052631575,6.368421052631579,4.842105263157895,0.3157894736842105
542,1,23,5,4,7,1,2,5,3,7,4,7,6,10,9,8,1,8,8,9,8,8,9,9,8,9,6,25,15,20,20,10,10,5.1875,6.0625,6.4375,5.125,6.875,4.0625,0.3125
543,1,24,5,4,9,6,1,7,2,5,8,8,5,8,8,5,5,9,8,8,8,6,8,8,8,8,3,20,16,16,17,16,15,5,6.411764705882353,6.764705882352941,5.588235294117647,6,4.882352941176471,0.35294117647058826
544,1,23,5,4,3,8,1,7,3,4,3,4,3,10,7,8,5,14,9,2,10,7,8,8,9,10,3,15,25,20,10,10,20,4.882352941176471,6.117647058823529,6.588235294117647,5.705882352941177,5.647058823529412,4.117647058823529,0.35294117647058826
545,1,24,5,2,7,1,1,7,2,4,10,2,2,5,5,4,7,5,4,7,4,3,4,5,5,2,1,20,20,20,20,10,10,6,6.25,6.166666666666667,6.166666666666667,6,4.916666666666667,0.5
546,1,30,8,2,3,4,2,4,1,7,10,5,8,10,4,3,5,1,1,2,4,3,6,3,9,10,6,35,10,20,25,5,5,7.1875,6.25,7.375,7.125,6.4375,5.75,0.625
547,1,30,8,2,1,1,2,3,1,7,9,6,9,7,8,8,2,2,8,9,4,9,8,9,9,6,5,25,20,20,20,0,15,6.315789473684211,6.052631578947368,6.947368421052632,5.947368421052632,6.2631578947368425,5.684210526315789,0.5263157894736842
548,1,30,8,2,8,8,1,6,1,7,10,8,4,10,3,2,2,5,1,9,6,4,6,7,10,4,1,40,10,20,10,0,20,6.842105263157895,5.7368421052631575,6.684210526315789,5.7894736842105265,6.105263157894737,4.578947368421052,0.47368421052631576
549,1,28,8,2,2,3,1,7,1,7,8,5,6,9,7,7,4,8,8,7,7,8,8,10,10,8,2,20,20,20,20,0,20,6.3125,6.5,6.625,6.625,6,4.9375,0.5
550,1,30,8,2,5,6,2,4,1,7,5,3,5,9,7,8,3,3,8,8,3,7,7,4,6,6,3,30,3,30,30,3,4,5.285714285714286,5.9523809523809526,6.666666666666667,5.285714285714286,6.428571428571429,4.190476190476191,0.2857142857142857
551,1,27,8,1,2,1,1,6,3,7,6,1,7,6,7,3,2,1,7,10,2,5,6,7,7,7,1,40,20,20,20,0,0,6.277777777777778,6.888888888888889,6.944444444444445,5.666666666666667,6.333333333333333,5.166666666666667,0.5555555555555556
552,1,25,18,2,1,1,1,2,1,15,8,2,5,10,10,10,7,1,9,8,3,7,9,10,10,7,3,70,0,15,15,0,0,7.0588235294117645,5.647058823529412,5.9411764705882355,5.411764705882353,5.9411764705882355,5.0588235294117645,0.7058823529411765
